COD_CARRERA;COD_ASIGNATURA;SIGLO_PERIODO_DESDE;ANIO_PERIODO_DESDE;MESI_PERIODO_DESDE;MESF_PERIODO_DESDE;NRO_TRIMESTRE;MODALIDAD;SIGLO_PERIODO_HASTA;ANIO_PERIODO_HASTA;MESI_PERIODO_HASTA;MESF_PERIODO_HASTA
0100;CE3114;0;99;9;12;14;SM;;;;12
0100;CI2121;0;99;9;12;6;SM;1;7;1;3
0100;CO3121;0;99;9;12;10;SM;1;13;7;8
0100;CT1311;0;99;9;12;8;SM;;;;
0100;CT2311;0;99;9;12;9;SM;;;;
0100;CT3231;0;99;9;12;7;SM;1;0;9;12
0100;CT3232;0;99;9;12;8;SM;1;1;9;12
0100;CT3233;0;99;9;12;9;SM;1;0;4;7
0100;CT3311;0;99;9;12;10;SM;;;;
0100;CT4111;0;99;9;12;12;SM;1;10;1;3
0100;CT4211;0;99;9;12;11;SM;1;1;9;12
0100;CT4212;0;99;9;12;12;SM;1;10;4;7
0100;CT4222;0;99;9;12;12;SM;;;;
0100;CT4234;0;99;9;12;10;SM;1;2;1;3
0100;CT4311;0;99;9;12;11;SM;;;;
0100;CT4351;0;99;9;12;11;SM;1;11;9;12
0100;CT4381;0;99;9;12;10;SM;1;10;1;3
0100;CT4382;0;99;9;12;11;SM;;;;
0100;CT4441;0;99;9;12;12;SM;1;11;9;12
0100;CT4611;0;99;9;12;12;SM;1;3;7;8
0100;CT5215;0;99;9;12;14;SM;1;11;9;12
0100;CT5442;0;99;9;12;12;SM;;;;
0100;EC1167;0;99;9;12;7;SM;1;4;7;8
0100;EC1168;0;99;9;12;8;SM;;;;
0100;EC1181;0;99;9;12;8;SM;1;12;1;3
0100;EC1251;0;99;9;12;5;SM;1;0;7;8
0100;EC1311;0;99;9;12;7;SM;;;;
0100;EC2262;0;99;9;12;6;SM;0;99;9;12
0100;EC3188;0;99;9;12;10;SM;1;6;9;12
0100;EC3713;0;99;9;12;9;SM;;;;
0100;EP1201;0;99;9;12;13;SM;0;99;9;12
0100;EP1301;0;99;9;12;12;SM;1;10;4;7
0100;EP2201;0;99;9;12;14;SM;;;;
0100;EP2301;0;99;9;12;12;SM;1;10;4;7
0100;EP3201;0;99;9;12;15;SM;;;;
0100;EP3301;0;99;9;12;12;SM;1;10;4;7
0100;FS2181;0;99;9;12;4;SM;;;;
0100;FS2211;0;99;9;12;4;SM;1;1;1;3
0100;FS2212;0;99;9;12;5;SM;;;;
0100;FS2213;0;99;9;12;6;SM;;;;
0100;FS2281;0;99;9;12;5;SM;1;7;1;3
0100;MA2112;0;99;9;12;5;SM;1;4;9;12
0100;MA2113;0;99;9;12;6;SM;;;;
0100;MA2115;0;99;9;12;4;SM;1;1;7;8
0100;MA3111;0;99;9;12;7;SM;;;;
0100;MC1412;0;99;9;12;4;SM;1;1;1;3
0100;PS1314;0;99;9;12;8;SM;;;;
0100;PS1381;0;99;9;12;9;SM;;;;
0100;PS2316;0;99;9;12;9;SM;;;;
0200;CE3114;0;99;9;12;15;SM;1;9;4;7
0200;CE3122;0;99;9;12;14;SM;;;;
0200;CT3331;0;99;9;12;11;SM;;;;
0200;CT3411;0;99;9;12;11;SM;1;4;4;7
0200;CT3412;0;99;9;12;12;SM;1;4;4;7
0200;CT3415;0;99;9;12;14;SM;1;4;4;7
0200;EP3202;0;99;9;12;13;SM;0;99;9;12
0200;EP4202;0;99;9;12;14;SM;;;;
0200;EP5202;0;99;9;12;15;SM;;;;
0200;FS2181;0;99;9;12;4;SM;;;;
0200;FS2211;0;99;9;12;4;SM;1;1;1;3
0200;FS2212;0;99;9;12;5;SM;;;;
0200;FS2281;0;99;9;12;5;SM;;;;
0200;MA2112;0;99;9;12;5;SM;;;;
0200;MA2113;0;99;9;12;6;SM;;;;
0200;MA2115;0;99;9;12;4;SM;1;1;7;8
0200;MA3111;0;99;9;12;7;SM;;;;
0200;MC2131;0;99;9;12;5;SM;;;;
0200;MC2312;0;99;9;12;8;SM;1;2;9;12
0200;MC2313;0;99;9;12;9;SM;;;;
0200;MC2314;0;99;9;12;10;SM;;;;
0200;MC2411;0;99;9;12;6;SM;1;4;1;3
0200;MC2413;0;99;9;12;7;SM;1;4;1;3
0200;MC2414;0;99;9;12;9;SM;1;4;4;7
0200;MC2415;0;99;9;12;8;SM;1;1;7;8
0200;MC2421;0;99;9;12;5;SM;;;;
0200;MC2422;0;99;9;12;6;SM;1;0;1;3
0200;MC3111;0;99;9;12;7;SM;1;4;1;3
0200;MC3112;0;99;9;12;8;SM;1;4;1;3
0200;MC3113;0;99;9;12;9;SM;1;4;1;3
0200;MC3611;0;99;9;12;11;SM;;;;
0200;MC3612;0;99;9;12;12;SM;;;;
0200;MC4131;0;99;9;12;10;SM;1;1;1;3
0200;MC4132;0;99;9;12;11;SM;;;;
0200;MC4133;0;99;9;12;12;SM;;;;
0200;MT1113;0;99;9;12;10;SM;1;2;7;8
0200;PS1316;0;99;9;12;12;SM;;;;
0200;TF1121;0;99;9;12;7;SM;;;;
0200;TF2123;0;99;9;12;8;SM;;;;
0200;TF2251;0;99;9;12;9;SM;;;;
0200;TF2252;0;99;9;12;10;SM;;;;
0300;CI2121;0;99;9;12;4;SM;1;1;7;8
0300;EP1203;0;99;9;12;13;SM;1;3;1;3
0300;EP1420;0;99;9;12;10;SM;1;3;1;3
0300;EP1503;0;99;9;12;5;SM;1;11;9;12
0300;EP2503;0;99;9;12;10;SM;1;11;9;12
0300;EP3503;0;99;9;12;10;SM;1;11;9;12
0300;FS2181;0;99;9;12;4;SM;;;;
0300;FS2211;0;99;9;12;4;SM;1;1;7;8
0300;FS2281;0;99;9;12;5;SM;;;;
0300;MA2112;0;99;9;12;5;SM;1;1;9;12
0300;MA2113;0;99;9;12;6;SM;;;;
0300;MA2115;0;99;9;12;4;SM;1;1;7;8
0300;MA3111;0;99;9;12;7;SM;;;;
0300;MC1412;0;99;9;12;6;SM;1;2;1;3
0300;MC2113;0;99;9;12;8;SM;1;2;4;7
0300;PS2319;0;99;9;12;11;SM;1;3;1;3
0300;PS2320;0;99;9;12;12;SM;;;;
0300;PS2321;0;99;9;12;12;SM;;;;
0300;PS2383;0;99;9;12;13;SM;;;;
0300;PS3213;0;99;9;12;11;SM;;;;
0300;PS3216;0;99;9;12;15;SM;1;3;1;3
0300;QM1121;0;99;9;12;4;SM;1;0;7;8
0300;QM1122;0;99;9;12;5;SM;;;;
0300;QM1123;0;99;9;12;6;SM;;;;
0300;QM1181;0;99;9;12;5;SM;;;;
0300;QM1182;0;99;9;12;6;SM;1;0;1;3
0300;QM2421;0;99;9;12;8;SM;;;;
0300;QM2422;0;99;9;12;9;SM;;;;
0300;QM2487;0;99;9;12;10;SM;1;4;7;8
0300;QM2512;0;99;9;12;9;SM;;;;
0300;TF1121;0;99;9;12;6;SM;1;3;1;3
0300;TF1221;0;99;9;12;7;SM;1;2;1;3
0300;TF1312;0;99;9;12;5;SM;;;;
0300;TF1313;0;99;9;12;7;SM;1;3;7;8
0300;TF2126;0;99;9;12;8;SM;;;;
0300;TF2241;0;99;9;12;8;SM;;;;
0300;TF2281;0;99;9;12;9;SM;;;;
0300;TF2314;0;99;9;12;14;SM;1;3;1;3
0300;TF2323;0;99;9;12;7;SM;;;;
0300;TF3261;0;99;9;12;9;SM;;;;
0300;TF3282;0;99;9;12;10;SM;;;;
0300;TF3331;0;99;9;12;10;SM;;;;
0300;TF3332;0;99;9;12;11;SM;;;;
0300;TF3341;0;99;9;12;10;SM;1;5;9;12
0300;TF3385;0;99;9;12;12;SM;;;;
0400;EP1104;0;99;9;12;10;SM;1;11;9;12
0400;EP1304;0;99;9;12;13;SM;1;12;1;3
0400;EP2104;0;99;9;12;11;SM;;;;
0400;EP2304;0;99;9;12;14;SM;1;12;1;3
0400;EP3104;0;99;9;12;12;SM;;;;
0400;EP3304;0;99;9;12;15;SM;1;12;1;3
0400;EP4104;0;99;9;12;13;SM;1;12;1;3
0400;EP5104;0;99;9;12;14;SM;1;12;1;3
0400;FS2181;0;99;9;12;4;SM;;;;
0400;FS2211;0;99;9;12;4;SM;1;1;7;8
0400;FS2212;0;99;9;12;5;SM;;;;
0400;FS2281;0;99;9;12;5;SM;;;;
0400;FS2282;0;99;9;12;6;SM;;;;
0400;FS2411;0;99;9;12;6;SM;;;;
0400;MA2112;0;99;9;12;5;SM;1;1;7;8
0400;MA2115;0;99;9;12;4;SM;1;1;7;8
0400;PS3218;0;99;9;12;8;SM;1;2;9;12
0400;PS4218;0;99;9;12;11;SM;;;;
0400;PS4219;0;99;9;12;12;SM;;;;
0400;PS5218;0;99;9;12;13;SM;;;;
0400;PS5228;0;99;9;12;13;SM;;;;
0400;QM1121;0;99;9;12;4;SM;1;0;7;8
0400;QM1122;0;99;9;12;5;SM;;;;
0400;QM1123;0;99;9;12;6;SM;;;;
0400;QM1181;0;99;9;12;5;SM;;;;
0400;QM1182;0;99;9;12;6;SM;;;;
0400;QM2211;0;99;9;12;9;SM;;;;
0400;QM2212;0;99;9;12;10;SM;;;;
0400;QM2213;0;99;9;12;11;SM;;;;
0400;QM2214;0;99;9;12;4;SM;;;;
0400;QM2282;0;99;9;12;12;SM;1;0;1;3
0400;QM2311;0;99;9;12;6;SM;;;;
0400;QM2312;0;99;9;12;7;SM;;;;
0400;QM2321;0;99;9;12;8;SM;;;;
0400;QM2381;0;99;9;12;7;SM;;;;
0400;QM2382;0;99;9;12;9;SM;1;4;7;8
0400;QM2421;0;99;9;12;8;SM;1;0;7;8
0400;QM2422;0;99;9;12;9;SM;;;;
0400;QM2423;0;99;9;12;10;SM;;;;
0400;QM2510;0;99;9;12;7;SM;;;;
0400;QM2511;0;99;9;12;7;SM;;;;
0400;QM2512;0;99;9;12;8;SM;;;;
0400;QM2513;0;99;9;12;9;SM;;;;
0400;QM2581;0;99;9;12;10;SM;1;4;7;8
0400;QM2680;0;99;9;12;11;SM;;;;
0400;QM2681;0;99;9;12;10;SM;0;99;9;12
0400;QM2682;0;99;9;12;12;SM;1;12;7;8
0400;QM5514;0;99;9;12;10;SM;;;;
0400;QM6316;0;99;9;12;10;SM;;;;
0500;CI2121;0;99;9;12;6;SM;1;1;7;8
0500;CO3312;0;99;9;12;8;SM;;;;
0500;CO3411;0;99;9;12;7;SM;;;;
0500;EP1105;0;99;9;12;14;SM;;;;
0500;EP2105;0;99;9;12;15;SM;;;;
0500;EP3105;0;99;9;12;15;SM;;;;
0500;FS2211;0;99;9;12;4;SM;1;1;7;8
0500;FS2212;0;99;9;12;5;SM;;;;
0500;ID2131;0;99;9;12;4;SM;;;;
0500;ID2132;0;99;9;12;5;SM;;;;
0500;ID2133;0;99;9;12;6;SM;;;;
0500;MA2221;0;99;9;12;4;SM;1;1;7;8
0500;MA2222;0;99;9;12;5;SM;;;;
0500;MA2223;0;99;9;12;6;SM;;;;
0500;MA2311;0;99;9;12;4;SM;1;1;7;8
0500;MA2312;0;99;9;12;5;SM;1;9;4;7
0500;MA2313;0;99;9;12;6;SM;1;12;1;3
0500;MA2811;0;99;9;12;6;SM;;;;
0500;MA3221;0;99;9;12;9;SM;;;;
0500;MA3311;0;99;9;12;7;SM;1;12;1;3
0500;MA3312;0;99;9;12;8;SM;1;12;1;3
0500;MA3313;0;99;9;12;9;SM;1;12;1;3
0500;MA3361;0;99;9;12;7;SM;;;;
0500;MA3521;0;99;9;12;9;SM;;;;
0500;MA3531;0;99;9;12;8;SM;;;;
0500;MA3635;0;99;9;12;8;SM;;;;
0500;MA3637;0;99;9;12;7;SM;;;;
0500;MA6637;0;99;9;12;10;SM;;;;
0501;CI2612;0;99;9;12;8;SM;;;;
0501;CO2111;0;99;9;12;4;SM;1;1;7;8
0501;CO2112;0;99;9;12;5;SM;;;;
0501;CO2113;0;99;9;12;6;SM;;;;
0501;CO3311;0;99;9;12;8;SM;;;;
0501;CO3312;0;99;9;12;8;SM;;;;
0501;CO3411;0;99;9;12;7;SM;1;9;7;8
0501;CO3511;0;99;9;12;7;SM;1;9;7;8
0501;CO4611;0;99;9;12;10;SM;1;6;1;3
0501;EP1205;0;99;9;12;13;SM;;;;
0501;EP1305;0;99;9;12;14;SM;;;;
0501;EP1405;0;99;9;12;15;SM;;;;
0501;EP1420;0;99;9;12;11;SM;1;12;4;7
0501;EP3420;0;99;9;12;11;SM;1;1;1;3
0501;ID2131;0;99;9;12;4;SM;;;;
0501;ID2132;0;99;9;12;5;SM;;;;
0501;ID2133;0;99;9;12;6;SM;;;;
0501;MA2221;0;99;9;12;4;SM;1;1;7;8
0501;MA2222;0;99;9;12;5;SM;;;;
0501;MA2223;0;99;9;12;6;SM;;;;
0501;MA2311;0;99;9;12;4;SM;1;1;7;8
0501;MA2312;0;99;9;12;5;SM;1;9;4;7
0501;MA2313;0;99;9;12;6;SM;1;12;1;3
0501;MA3311;0;99;9;12;7;SM;1;12;1;3
0501;MA3312;0;99;9;12;8;SM;1;12;1;3
0501;MA3313;0;99;9;12;9;SM;1;12;1;3
0501;MA3521;0;99;9;12;9;SM;;;;
0501;MA3531;0;99;9;12;8;SM;;;;
0501;MA6637;0;99;9;12;10;SM;;;;
0600;CI2125;0;99;9;12;5;SM;1;2;7;8
0600;CI2126;0;99;9;12;8;SM;1;2;9;12
0600;CO3131;0;99;9;12;7;SM;1;0;1;3
0600;EC1167;0;99;9;12;6;SM;1;1;7;8
0600;EC1168;0;99;9;12;7;SM;1;3;1;3
0600;EC1181;0;99;9;12;7;SM;1;3;1;3
0600;EC1251;0;99;9;12;4;SM;1;1;7;8
0600;EC1311;0;99;9;12;10;SM;1;2;7;8
0600;EC1411;0;99;9;12;8;SM;1;3;1;3
0600;EC1482;0;99;9;12;11;SM;1;4;9;12
0600;EC1713;0;99;9;12;7;SM;1;4;9;12
0600;EC1783;0;99;9;12;8;SM;1;3;1;3
0600;EC2169;0;99;9;12;8;SM;1;4;9;12
0600;EC2182;0;99;9;12;8;SM;1;3;1;3
0600;EC2262;0;99;9;12;5;SM;1;3;1;3
0600;EC2322;0;99;9;12;11;SM;1;3;9;12
0600;EC2412;0;99;9;12;9;SM;1;3;1;3
0600;EC3173;0;99;9;12;11;SM;1;3;7;8
0600;EC3184;0;99;9;12;12;SM;1;3;9;12
0600;EC3185;0;99;9;12;10;SM;1;4;9;12
0600;EC3273;0;99;9;12;6;SM;1;4;9;12
0600;EC3413;0;99;9;12;10;SM;1;3;1;3
0600;EC3721;0;99;9;12;9;SM;1;3;1;3
0600;EC3781;0;99;9;12;10;SM;1;4;9;12
0600;FS2181;0;99;9;12;4;SM;;;;
0600;FS2211;0;99;9;12;4;SM;1;1;7;8
0600;FS2212;0;99;9;12;5;SM;;;;
0600;FS2213;0;99;9;12;6;SM;;;;
0600;FS2281;0;99;9;12;5;SM;1;5;1;3
0600;FS2282;0;99;9;12;6;SM;1;3;1;3
0600;MA2112;0;99;9;12;5;SM;1;1;7;8
0600;MA2113;0;99;9;12;6;SM;;;;
0600;MA2115;0;99;9;12;4;SM;1;1;7;8
0600;MA3111;0;99;9;12;7;SM;;;;
0600;PS1314;0;99;9;12;9;SM;1;1;7;8
0600;PS2316;0;99;9;12;10;SM;1;4;1;3
0600;PS2386;0;99;9;12;11;SM;1;4;9;12
0700;DA1311;0;99;9;12;4;SM;1;5;4;7
0700;DA1312;0;99;9;12;5;SM;1;5;4;7
0700;DA1314;0;99;9;12;7;SM;;;;
0700;DA1411;0;99;9;12;5;SM;1;5;4;7
0700;DA1412;0;99;9;12;6;SM;1;5;4;7
0700;DA2111;0;99;9;12;4;SM;;;;
0700;DA2311;0;99;9;12;8;SM;;;;
0700;DA2312;0;99;9;12;9;SM;1;5;4;7
0700;DA2313;0;99;9;12;10;SM;1;1;7;8
0700;DA2314;0;99;9;12;12;SM;1;0;1;3
0700;DA2412;0;99;9;12;8;SM;1;5;4;7
0700;DA2413;0;99;9;12;9;SM;1;5;4;7
0700;DA2511;0;99;9;12;7;SM;1;5;4;7
0700;DA2513;0;99;9;12;10;SM;;;;
0700;DA2542;0;99;9;12;12;SM;;;;
0700;DA2561;0;99;9;12;11;SM;1;0;1;3
0700;DA2563;0;99;9;12;14;SM;1;5;1;5
0700;DA3311;0;99;9;12;12;SM;1;5;4;7
0700;DA3312;0;99;9;12;13;SM;;;;
0700;DA3313;0;99;9;12;14;SM;;;;
0700;DA3411;0;99;9;12;13;SM;1;0;1;3
0700;EP1307;0;99;9;12;14;SM;1;12;1;3
0700;EP2307;0;99;9;12;15;SM;1;4;4;7
0700;EP4307;0;99;9;12;15;SM;1;9;1;3
0700;FS1111;0;99;9;12;5;SM;1;2;1;3
0700;FS1117;0;99;9;12;6;SM;1;8;9;12
0700;ID2124;0;99;9;12;4;SM;;;;
0700;ID2125;0;99;9;12;5;SM;;;;
0700;ID2126;0;99;9;12;6;SM;;;;
0700;ID3124;0;99;9;12;7;SM;;;;
0700;ID3125;0;99;9;12;8;SM;;;;
0700;ID3126;0;99;9;12;9;SM;1;6;4;7
0700;MC3250;0;99;9;12;7;SM;1;8;9;12
0700;MC3252;0;99;9;12;7;SM;1;0;1;3
0700;MC3253;0;99;9;12;8;SM;1;0;1;3
0700;MC3254;0;99;9;12;9;SM;1;0;1;3
0700;PS2317;0;99;9;12;10;SM;1;9;1;3
0700;PS2318;0;99;9;12;11;SM;1;9;9;12
0700;PS4320;0;99;9;12;13;SM;;;;
0800;CI2511;0;99;9;12;4;SM;;;;
0800;CI2521;0;99;9;12;5;SM;;;;
0800;CI2522;0;99;9;12;6;SM;;;;
0800;CI2523;0;99;9;12;7;SM;;;;
0800;CI2611;0;99;9;12;4;SM;1;5;7;8
0800;CI2612;0;99;9;12;6;SM;1;4;9;12
0800;CI2613;0;99;9;12;6;SM;1;4;9;12
0800;CI2615;0;99;9;12;4;SM;1;1;7;8
0800;CI2616;0;99;9;12;5;SM;;;;
0800;CI2617;0;99;9;12;6;SM;0;99;9;12
0800;CI2692;0;99;9;12;5;SM;1;4;9;12
0800;CI2693;0;99;9;12;6;SM;1;4;9;12
0800;CI3311;0;99;9;12;11;SM;1;4;9;12
0800;CI3315;0;99;9;12;8;SM;;;;
0800;CI3321;0;99;9;12;12;SM;;;;
0800;CI3381;0;99;9;12;12;SM;;;;
0800;CI3391;0;99;9;12;11;SM;1;4;9;12
0800;CI3531;0;99;9;12;9;SM;;;;
0800;CI3611;0;99;9;12;9;SM;;;;
0800;CI3641;0;99;9;12;9;SM;1;4;9;12
0800;CI3661;0;99;9;12;9;SM;1;4;9;12
0800;CI3691;0;99;9;12;9;SM;;;;
0800;CI3711;0;99;9;12;8;SM;;;;
0800;CI3715;0;99;9;12;9;SM;1;4;9;12
0800;CI3721;0;99;9;12;8;SM;;;;
0800;CI3725;0;99;9;12;9;SM;0;99;9;12
0800;CI3791;0;99;9;12;8;SM;;;;
0800;CI3811;0;99;9;12;6;SM;;;;
0800;CI3815;0;99;9;12;6;SM;0;99;9;12
0800;CI3821;0;99;9;12;10;SM;;;;
0800;CI3825;0;99;9;12;8;SM;;;;
0800;CI3881;0;99;9;12;10;SM;;;;
0800;CI3891;0;99;9;12;6;SM;;;;
0800;CI4321;0;99;9;12;8;SM;1;0;7;8
0800;CI4325;0;99;9;12;11;SM;;;;
0800;CI4645;0;99;9;12;10;SM;;;;
0800;CI4721;0;99;9;12;11;SM;0;99;9;12
0800;CI4831;0;99;9;12;12;SM;;;;
0800;CI4835;0;99;9;12;10;SM;;;;
0800;CI4871;0;99;9;12;12;SM;;;;
0800;CI5321;0;99;9;12;14;SM;0;99;9;12
0800;CI6643;0;99;9;12;10;SM;;;;
0800;CO3111;0;99;9;12;7;SM;;;;
0800;CO3131;0;99;9;12;7;SM;;;;
0800;CO3211;0;99;9;12;10;SM;1;4;9;12
0800;CO3311;0;99;9;12;8;SM;;;;
0800;CO3312;0;99;9;12;8;SM;;;;
0800;CO3321;0;99;9;12;8;SM;;;;
0800;CO3411;0;99;9;12;7;SM;;;;
0800;EC4751;0;99;9;12;10;SM;0;99;9;12
0800;EP1301;0;99;9;12;12;SM;0;99;9;12
0800;EP1308;0;99;9;12;13;SM;0;99;9;12
0800;EP1420;0;99;9;12;10;SM;0;99;9;12
0800;EP2301;0;99;9;12;12;SM;0;99;9;12
0800;EP2308;0;99;9;12;14;SM;0;99;9;12
0800;EP3301;0;99;9;12;12;SM;0;99;9;12
0800;EP3308;0;99;9;12;15;SM;1;0;1;3
0800;EP3420;0;99;9;12;13;SM;1;0;1;3
0800;MA2115;0;99;9;12;4;SM;1;1;7;8
0800;MA5637;0;99;9;12;12;SM;1;0;9;12
0800;MA5638;0;99;9;12;13;SM;1;0;9;12
0800;MA6637;0;99;9;12;10;SM;;;;
0800;PS1111;0;99;9;12;11;SM;1;0;1;3
0800;PS1115;0;99;9;12;10;SM;1;0;1;3
0800;PS4312;0;99;9;12;14;SM;;;;
1000;EP1410;0;99;9;12;5;SM;1;0;1;3
1000;EP2410;0;99;9;12;5;SM;1;4;9;12
1000;EP3410;0;99;9;12;5;SM;1;4;9;12
1000;FS2111;0;99;9;12;6;SM;1;1;7;8
1000;FS2181;0;99;9;12;4;SM;;;;
1000;FS2212;0;99;9;12;5;SM;1;1;7;8
1000;FS2233;0;99;9;12;6;SM;1;3;9;12
1000;FS2281;0;99;9;12;5;SM;;;;
1000;FS2282;0;99;9;12;6;SM;;;;
1000;FS3211;0;99;9;12;7;SM;1;1;7;8
1000;FS3212;0;99;9;12;9;SM;1;7;9;12
1000;FS3281;0;99;9;12;7;SM;1;1;7;8
1000;FS3282;0;99;9;12;8;SM;;;;
1000;FS3411;0;99;9;12;7;SM;1;1;7;8
1000;FS3412;0;99;9;12;8;SM;;;;
1000;FS3413;0;99;9;12;9;SM;1;1;7;8
1000;FS3481;0;99;9;12;4;SM;1;1;7;8
1000;FS4111;0;99;9;12;11;SM;;;;
1000;FS4112;0;99;9;12;12;SM;;;;
1000;FS4211;0;99;9;12;10;SM;1;0;9;12
1000;FS4844;0;99;9;12;12;SM;1;0;1;3
1000;FS5221;0;99;9;12;13;SM;1;1;7;8
1000;FS5321;0;99;9;12;11;SM;1;1;7;8
1000;FS5322;0;99;9;12;12;SM;1;1;7;8
1000;FS5323;0;99;9;12;13;SM;1;7;9;12
1000;FS5481;0;99;9;12;13;SM;1;7;9;12
1000;FS5482;0;99;9;12;14;SM;1;1;7;8
1000;FS5851;0;99;9;12;12;SM;1;0;1;3
1000;FS5852;0;99;9;12;13;SM;1;0;1;3
1000;MA2112;0;99;9;12;5;SM;1;2;1;3
1000;MA2113;0;99;9;12;6;SM;;;;
1000;MA2115;0;99;9;12;4;SM;1;1;7;8
1000;MA2221;0;99;9;12;4;SM;1;1;7;8
1000;MA2222;0;99;9;12;5;SM;;;;
1000;MA2223;0;99;9;12;6;SM;;;;
1000;MA2311;0;99;9;12;4;SM;1;1;7;8
1000;MA2312;0;99;9;12;5;SM;1;3;9;12
1000;MA3111;0;99;9;12;7;SM;;;;
1000;MA3311;0;99;9;12;7;SM;1;3;9;12
1000;MA5352;0;99;9;12;10;SM;;;;
1100;CE2111;0;99;9;12;7;SM;;;;
1100;CE2112;0;99;9;12;9;SM;;;;
1100;CE2113;0;99;9;12;10;SM;1;9;1;3
1100;CE3117;0;99;9;12;12;SM;;;;
1100;CE3121;0;99;9;12;12;SM;1;9;7;8
1100;CO2121;0;99;9;12;5;SM;1;;;
1100;CO2122;0;99;9;12;7;SM;1;8;1;3
1100;CS2111;0;99;9;12;6;SM;;;;
1100;CS3111;0;99;9;12;10;SM;1;1;1;3
1100;CS3112;0;99;9;12;7;SM;;;;
1100;EP1511;0;99;9;12;15;SM;;;;
1100;FS1111;0;99;9;12;5;SM;1;2;1;3
1100;FS1117;0;99;9;12;6;SM;1;8;9;12
1100;GC3131;0;99;9;12;9;SM;1;1;7;8
1100;ID2124;0;99;9;12;4;SM;;;;
1100;ID2125;0;99;9;12;5;SM;;;;
1100;ID2126;0;99;9;12;6;SM;;;;
1100;ID3124;0;99;9;12;7;SM;;;;
1100;ID3125;0;99;9;12;8;SM;;;;
1100;MA2115;0;99;9;12;4;SM;1;1;7;8
1100;PL1111;0;99;9;12;4;SM;;;;
1100;PL1112;0;99;9;12;6;SM;;;;
1100;PL1113;0;99;9;12;4;SM;;;;
1100;PL2111;0;99;9;12;5;SM;1;9;1;3
1100;PL2112;0;99;9;12;10;SM;1;9;4;7
1100;PL2113;0;99;9;12;11;SM;1;9;4;7
1100;PL2116;0;99;9;12;9;SM;1;2;7;8
1100;PL2181;0;99;9;12;4;SM;1;9;7;8
1100;PL2183;0;99;9;12;6;SM;1;1;1;3
1100;PL2184;0;99;9;12;7;SM;;;;
1100;PL2185;0;99;9;12;8;SM;;;;
1100;PL2186;0;99;9;12;9;SM;1;9;7;8
1100;PL2187;0;99;9;12;10;SM;1;1;7;8
1100;PL2188;0;99;9;12;11;SM;1;1;9;12
1100;PL3181;0;99;9;12;12;SM;1;5;1;3
1100;PL3182;0;99;9;12;13;SM;1;9;7;8
1100;PL3311;0;99;9;12;8;SM;1;9;4;7
1100;PL3312;0;99;9;12;9;SM;1;9;4;7
1100;PL3315;0;99;9;12;13;SM;;;;
1100;PL3411;0;99;9;12;7;SM;1;9;1;3
1100;PL3413;0;99;9;12;11;SM;1;1;7;8
1100;PS1111;0;99;9;12;11;SM;0;99;9;12
1100;PS2121;0;99;9;12;8;SM;1;1;1;3
1200;CI2121;0;99;9;12;8;SM;;;;
1200;EP1312;0;99;9;12;13;SM;;;;
1200;EP2312;0;99;9;12;14;SM;1;11;9;12
1200;EP3312;0;99;9;12;15;SM;1;11;9;12
1200;FS2181;0;99;9;12;4;SM;;;;
1200;FS2211;0;99;9;12;4;SM;1;1;7;8
1200;FS2212;0;99;9;12;5;SM;1;0;4;7
1200;FS2213;0;99;9;12;6;SM;;;;
1200;FS2281;0;99;9;12;5;SM;;;;
1200;FS2282;0;99;9;12;6;SM;;;;
1200;FS2841;0;99;9;12;4;SM;1;2;1;3
1200;FS2842;0;99;9;12;5;SM;1;2;1;3
1200;FS2843;0;99;9;12;5;SM;1;2;1;3
1200;FS2844;0;99;9;12;6;SM;1;2;1;3
1200;FS3841;0;99;9;12;6;SM;1;2;1;3
1200;FS3842;0;99;9;12;7;SM;1;2;1;3
1200;FS3843;0;99;9;12;8;SM;1;2;1;3
1200;FS3845;0;99;9;12;8;SM;1;2;1;3
1200;FS3851;0;99;9;12;7;SM;1;2;1;3
1200;FS3853;0;99;9;12;9;SM;1;2;1;3
1200;FS3856;0;99;9;12;9;SM;1;2;1;3
1200;FS3882;0;99;9;12;8;SM;1;2;1;3
1200;FS4845;0;99;9;12;10;SM;1;2;1;3
1200;FS4847;0;99;9;12;10;SM;1;2;1;3
1200;FS4848;0;99;9;12;11;SM;1;2;1;3
1200;FS4853;0;99;9;12;11;SM;1;2;1;3
1200;FS4854;0;99;9;12;10;SM;1;2;1;3
1200;FS4856;0;99;9;12;12;SM;1;2;1;3
1200;FS4857;0;99;9;12;11;SM;1;2;1;3
1200;FS4863;0;99;9;12;12;SM;1;2;1;3
1200;FS4866;0;99;9;12;12;SM;1;4;9;12
1200;FS5843;0;99;9;12;15;SM;1;4;9;12
1200;GC2111;0;99;9;12;4;SM;;;;
1200;GC2212;0;99;9;12;5;SM;;;;
1200;GC2213;0;99;9;12;6;SM;;;;
1200;GC3111;0;99;9;12;7;SM;1;10;9;12
1200;GC3114;0;99;9;12;8;SM;1;4;9;12
1200;GC3211;0;99;9;12;7;SM;;;;
1200;GC3212;0;99;9;12;9;SM;1;10;9;12
1200;GC3213;0;99;9;12;9;SM;0;99;9;12
1200;GC3214;0;99;9;12;7;SM;0;99;9;12
1200;GC3311;0;99;9;12;8;SM;0;99;9;12
1200;GC3312;0;99;9;12;9;SM;0;99;9;12
1200;GC3381;0;99;9;12;9;SM;1;5;7;8
1200;GC4121;0;99;9;12;10;SM;1;0;1;3
1200;GC4122;0;99;9;12;10;SM;1;10;9;12
1200;GC4132;0;99;9;12;11;SM;;;;
1200;GC4133;0;99;9;12;12;SM;1;10;9;12
1200;GC4311;0;99;9;12;10;SM;;;;
1200;GC4312;0;99;9;12;11;SM;1;10;9;12
1200;GC4313;0;99;9;12;11;SM;1;10;9;12
1200;MA2112;0;99;9;12;5;SM;;;;
1200;MA2113;0;99;9;12;6;SM;;;;
1200;MA2115;0;99;9;12;4;SM;1;1;7;8
1200;MA3111;0;99;9;12;7;SM;;;;
1501;CE3251;0;99;9;12;12;SM;;;;
1501;CT1211;0;99;9;12;13;SM;;;;
1501;CT3331;0;99;9;12;13;SM;;;;
1501;FS2181;0;99;9;12;4;SM;;;;
1501;FS2211;0;99;9;12;4;SM;1;1;7;8
1501;FS2212;0;99;9;12;5;SM;;;;
1501;FS2281;0;99;9;12;5;SM;;;;
1501;FS2411;0;99;9;12;7;SM;;;;
1501;MA2112;0;99;9;12;5;SM;;;;
1501;MA2113;0;99;9;12;6;SM;;;;
1501;MA2115;0;99;9;12;4;SM;1;1;7;8
1501;MC1412;0;99;9;12;5;SM;1;7;1;3
1501;MC2113;0;99;9;12;6;SM;;;;
1501;MC3121;0;99;9;12;10;SM;1;4;9;12
1501;MC3126;0;99;9;12;11;SM;;;;
1501;MT2185;0;99;9;12;11;SM;;;;
1501;MT2311;0;99;9;12;10;SM;1;5;7;8
1501;MT2382;0;99;9;12;12;SM;;;;
1501;MT2383;0;99;9;12;10;SM;;;;
1501;MT2384;0;99;9;12;15;SM;;;;
1501;MT2411;0;99;9;12;6;SM;1;8;4;7
1501;MT2412;0;99;9;12;7;SM;1;7;1;3
1501;MT2481;0;99;9;12;7;SM;;;;
1501;MT2482;0;99;9;12;8;SM;1;7;4;7
1501;MT3311;0;99;9;12;11;SM;0;99;9;12
1501;MT3312;0;99;9;12;14;SM;0;99;9;12
1501;MT3313;0;99;9;12;9;SM;1;5;7;8
1501;MT3314;0;99;9;12;9;SM;1;5;7;8
1501;MT3315;0;99;9;12;11;SM;;;;
1501;MT3316;0;99;9;12;11;SM;;;;
1501;MT3317;0;99;9;12;12;SM;;;;
1501;MT3411;0;99;9;12;8;SM;0;99;9;12
1501;MT3483;0;99;9;12;9;SM;1;7;9;12
1501;MT4411;0;99;9;12;9;SM;1;5;7;8
1501;MT5511;0;99;9;12;14;SM;;;;
1501;PS1316;0;99;9;12;11;SM;;;;
1501;QM1121;0;99;9;12;4;SM;1;0;7;8
1501;QM1122;0;99;9;12;5;SM;;;;
1501;QM1181;0;99;9;12;6;SM;;;;
1501;TF1121;0;99;9;12;7;SM;1;3;9;12
1501;TF1211;0;99;9;12;8;SM;;;;
1501;TF1221;0;99;9;12;9;SM;1;2;7;8
1501;TF2241;0;99;9;12;10;SM;1;6;7;8
1502;CE3251;0;99;9;12;15;SM;;;;
1502;FS2181;0;99;9;12;4;SM;;;;
1502;FS2211;0;99;9;12;4;SM;1;1;7;8
1502;FS2212;0;99;9;12;5;SM;;;;
1502;FS2281;0;99;9;12;5;SM;;;;
1502;MA2112;0;99;9;12;5;SM;;;;
1502;MA2113;0;99;9;12;6;SM;;;;
1502;MA2115;0;99;9;12;4;SM;1;1;7;8
1502;MC2113;0;99;9;12;7;SM;;;;
1502;MC2511;0;99;9;12;9;SM;1;1;9;12
1502;MC2512;0;99;9;12;10;SM;;;;
1502;MC2513;0;99;9;12;11;SM;;;;
1502;MC2514;0;99;9;12;12;SM;;;;
1502;MC2515;0;99;9;12;14;SM;;;;
1502;MC2516;0;99;9;12;12;SM;;;;
1502;MC2582;0;99;9;12;11;SM;;;;
1502;MC2583;0;99;9;12;12;SM;;;;
1502;MC2584;0;99;9;12;14;SM;1;9;1;3
1502;MC3121;0;99;9;12;10;SM;1;4;9;12
1502;MC3126;0;99;9;12;10;SM;;;;
1502;MC3127;0;99;9;12;11;SM;1;2;7;8
1502;MT2231;0;99;9;12;8;SM;1;5;7;8
1502;MT2242;0;99;9;12;8;SM;1;5;7;8
1502;MT2243;0;99;9;12;9;SM;1;0;1;3
1502;MT2283;0;99;9;12;11;SM;;;;
1502;MT2284;0;99;9;12;10;SM;1;4;9;12
1502;MT2411;0;99;9;12;6;SM;1;8;4;7
1502;MT3232;0;99;9;12;10;SM;1;3;7;8
1502;MT3242;0;99;9;12;9;SM;1;0;1;3
1502;MT3251;0;99;9;12;11;SM;;;;
1502;MT3283;0;99;9;12;12;SM;;;;
1502;MT3284;0;99;9;12;10;SM;;;;
1502;MT3285;0;99;9;12;11;SM;;;;
1502;MT5511;0;99;9;12;14;SM;;;;
1502;PS1316;0;99;9;12;15;SM;;;;
1502;PS5115;0;99;9;12;6;SM;1;7;1;3
1502;QM1121;0;99;9;12;4;SM;1;0;7;8
1502;QM1122;0;99;9;12;5;SM;;;;
1502;QM1181;0;99;9;12;6;SM;;;;
1502;QM2421;0;99;9;12;6;SM;1;9;4;7
1502;QM2422;0;99;9;12;7;SM;;;;
1502;QM2487;0;99;9;12;7;SM;;;;
1502;TF1121;0;99;9;12;7;SM;1;3;9;12
1502;TF1211;0;99;9;12;8;SM;;;;
1502;TF1221;0;99;9;12;8;SM;1;2;7;8
1502;TF2241;0;99;9;12;10;SM;1;6;7;8
1503;CE3251;0;99;9;12;12;SM;;;;
1503;CT1211;0;99;9;12;14;SM;;;;
1503;CT3331;0;99;9;12;13;SM;;;;
1503;FS2181;0;99;9;12;4;SM;;;;
1503;FS2211;0;99;9;12;4;SM;1;1;7;8
1503;FS2212;0;99;9;12;5;SM;;;;
1503;FS2281;0;99;9;12;5;SM;;;;
1503;FS2411;0;99;9;12;7;SM;;;;
1503;MA2112;0;99;9;12;5;SM;;;;
1503;MA2113;0;99;9;12;6;SM;;;;
1503;MA2115;0;99;9;12;4;SM;1;1;7;8
1503;MC1412;0;99;9;12;5;SM;1;7;1;3
1503;MC2131;0;99;9;12;9;SM;;;;
1503;MC3111;0;99;9;12;6;SM;;;;
1503;MC3112;0;99;9;12;7;SM;;;;
1503;MC3613;0;99;9;12;9;SM;1;5;7;8
1503;MC3614;0;99;9;12;10;SM;;;;
1503;MC3615;0;99;9;12;14;SM;1;10;9;12
1503;MC3683;0;99;9;12;10;SM;;;;
1503;MC3684;0;99;9;12;11;SM;;;;
1503;MC3685;0;99;9;12;15;SM;;;;
1503;MC4131;0;99;9;12;10;SM;1;0;7;8
1503;MC4132;0;99;9;12;11;SM;;;;
1503;MT2112;0;99;9;12;11;SM;1;7;1;3
1503;MT2113;0;99;9;12;13;SM;;;;
1503;MT2383;0;99;9;12;15;SM;;;;
1503;MT2384;0;99;9;12;12;SM;;;;
1503;MT2411;0;99;9;12;6;SM;1;8;4;7
1503;MT2412;0;99;9;12;7;SM;1;7;1;3
1503;MT2481;0;99;9;12;7;SM;;;;
1503;MT2482;0;99;9;12;8;SM;1;7;4;7
1503;MT3312;0;99;9;12;11;SM;0;99;9;12
1503;MT3314;0;99;9;12;14;SM;1;5;7;8
1503;MT3411;0;99;9;12;8;SM;0;99;9;12
1503;MT3483;0;99;9;12;9;SM;1;7;9;12
1503;MT4411;0;99;9;12;12;SM;1;5;7;8
1503;MT5511;0;99;9;12;14;SM;;;;
1503;PS1316;0;99;9;12;12;SM;;;;
1503;QM1121;0;99;9;12;4;SM;1;0;7;8
1503;QM1122;0;99;9;12;5;SM;;;;
1503;QM1181;0;99;9;12;6;SM;;;;
1503;TF1121;0;99;9;12;8;SM;1;3;9;12
1503;TF1211;0;99;9;12;8;SM;;;;
1503;TF1221;0;99;9;12;9;SM;1;2;7;8
1504;CE3251;0;99;9;12;12;SM;;;;
1504;CT1211;0;99;9;12;14;SM;;;;
1504;CT3331;0;99;9;12;13;SM;;;;
1504;EC4881;0;99;9;12;13;SM;;;;
1504;FS2181;0;99;9;12;4;SM;;;;
1504;FS2211;0;99;9;12;4;SM;1;1;7;8
1504;FS2212;0;99;9;12;5;SM;;;;
1504;FS2281;0;99;9;12;5;SM;;;;
1504;FS2411;0;99;9;12;7;SM;;;;
1504;MA2112;0;99;9;12;5;SM;;;;
1504;MA2113;0;99;9;12;6;SM;;;;
1504;MA2115;0;99;9;12;4;SM;1;1;7;8
1504;MC1412;0;99;9;12;5;SM;1;7;1;3
1504;MC2113;0;99;9;12;6;SM;;;;
1504;MC3121;0;99;9;12;11;SM;1;4;9;12
1504;MT2112;0;99;9;12;9;SM;1;7;1;3
1504;MT2114;0;99;9;12;8;SM;1;5;7;8
1504;MT2117;0;99;9;12;9;SM;;;;
1504;MT2185;0;99;9;12;9;SM;;;;
1504;MT2218;0;99;9;12;10;SM;;;;
1504;MT2221;0;99;9;12;10;SM;1;5;7;8
1504;MT2223;0;99;9;12;11;SM;;;;
1504;MT2224;0;99;9;12;12;SM;;;;
1504;MT2226;0;99;9;12;11;SM;1;5;7;8
1504;MT2228;0;99;9;12;12;SM;;;;
1504;MT2285;0;99;9;12;10;SM;;;;
1504;MT2286;0;99;9;12;11;SM;;;;
1504;MT2288;0;99;9;12;12;SM;;;;
1504;MT2411;0;99;9;12;6;SM;1;8;4;7
1504;MT2412;0;99;9;12;7;SM;1;7;1;3
1504;MT2413;0;99;9;12;8;SM;1;7;9;12
1504;MT2481;0;99;9;12;7;SM;;;;
1504;MT2482;0;99;9;12;8;SM;1;7;4;7
1504;MT4411;0;99;9;12;10;SM;1;5;7;8
1504;PS1316;0;99;9;12;9;SM;;;;
1504;QM1122;0;99;9;12;5;SM;;;;
1504;QM1181;0;99;9;12;6;SM;;;;
1504;TF1121;0;99;9;12;7;SM;1;3;9;12
1504;TF1221;0;99;9;12;8;SM;1;2;7;8
1504;TF2241;0;99;9;12;10;SM;1;6;7;8
1700;CE2111;0;99;9;12;6;SM;1;0;7;8
1700;CE3116;0;99;9;12;11;SM;1;0;7;8
1700;CE3251;0;99;9;12;7;SM;1;0;7;8
1700;CE4258;0;99;9;12;12;SM;1;0;7;8
1700;CE4261;0;99;9;12;12;SM;1;0;4;7
1700;CI2122;0;99;9;12;6;SM;1;1;4;7
1700;CO3121;0;99;9;12;7;SM;;;;
1700;CO3311;0;99;9;12;9;SM;0;99;9;12
1700;CO4311;0;99;9;12;11;SM;0;99;9;12
1700;CT3331;0;99;9;12;8;SM;1;0;7;8
1700;EC2174;0;99;9;12;7;SM;1;0;9;12
1700;EC3514;0;99;9;12;10;SM;1;0;9;12
1700;EC4541;0;99;9;12;12;SM;1;5;9;12
1700;EP1317;0;99;9;12;13;SM;;;;
1700;EP1420;0;99;9;12;10;SM;;;;
1700;EP2317;0;99;9;12;14;SM;;;;
1700;EP3317;0;99;9;12;15;SM;;;;
1700;EP3420;0;99;9;12;13;SM;1;3;1;3
1700;FS2181;0;99;9;12;4;SM;1;8;7;8
1700;FS2211;0;99;9;12;4;SM;1;1;7;8
1700;FS2212;0;99;9;12;5;SM;;;;
1700;FS2281;0;99;9;12;5;SM;;;;
1700;MA2111;0;99;9;12;4;SM;1;2;4;7
1700;MA2112;0;99;9;12;5;SM;;;;
1700;MA2113;0;99;9;12;6;SM;;;;
1700;MA2115;0;99;9;12;4;SM;1;1;7;8
1700;MC1412;0;99;9;12;6;SM;1;2;4;7
1700;MC2113;0;99;9;12;7;SM;1;2;4;7
1700;MC2114;0;99;9;12;7;SM;1;0;1;3
1700;MC2131;0;99;9;12;5;SM;0;99;9;12
1700;MC3612;0;99;9;12;9;SM;1;2;1;3
1700;MC3617;0;99;9;12;10;SM;1;1;9;12
1700;MC3618;0;99;9;12;11;SM;0;99;9;12
1700;MC4121;0;99;9;12;10;SM;1;0;9;12
1700;MC4623;0;99;9;12;11;SM;0;99;9;12
1700;MC5622;0;99;9;12;10;SM;1;2;1;3
1700;MT1113;0;99;9;12;7;SM;1;2;1;3
1700;PS4313;0;99;9;12;9;SM;1;2;1;3
1700;PS4350;0;99;9;12;11;SM;1;6;1;3
1700;QM1121;0;99;9;12;4;SM;1;0;7;8
1700;TF1121;0;99;9;12;8;SM;1;2;1;3
1700;TF1221;0;99;9;12;9;SM;1;2;1;3
1900;BC3121;0;99;9;12;7;SM;1;0;7;8
1900;BC3122;0;99;9;12;8;SM;;;;
1900;BC3181;0;99;9;12;7;SM;1;0;7;8
1900;BC3221;0;99;9;12;8;SM;1;2;7;8
1900;BC3281;0;99;9;12;8;SM;1;1;4;7
1900;BC3421;0;99;9;12;9;SM;1;2;1;3
1900;BC6153;0;99;9;12;10;SM;;;;
1900;BO2211;0;99;9;12;4;SM;1;0;7;8
1900;BO2281;0;99;9;12;4;SM;1;0;7;8
1900;BO2311;0;99;9;12;5;SM;;;;
1900;BO2381;0;99;9;12;5;SM;;;;
1900;BO3281;0;99;9;12;11;SM;1;7;1;3
1900;BO3321;0;99;9;12;10;SM;1;5;1;3
1900;BO3381;0;99;9;12;11;SM;1;5;1;3
1900;CO2121;0;99;9;12;5;SM;1;10;4;7
1900;CO2122;0;99;9;12;6;SM;;;;
1900;CO2123;0;99;9;12;7;SM;;;;
1900;EA2111;0;99;9;12;10;SM;1;12;4;7
1900;EA2181;0;99;9;12;10;SM;1;2;1;3
1900;EA2182;0;99;9;12;9;SM;1;5;1;3
1900;EA2312;0;99;9;12;6;SM;1;5;1;3
1900;EP1219;0;99;9;12;8;SM;1;2;9;12
1900;EP1319;0;99;9;12;13;SM;1;11;9;12
1900;EP1419;0;99;9;12;13;SM;1;11;9;12
1900;EP1519;0;99;9;12;14;SM;1;11;9;12
1900;EP1619;0;99;9;12;15;SM;1;11;9;12
1900;EP2219;0;99;9;12;10;SM;1;2;9;12
1900;FS3151;0;99;9;12;6;SM;;;;
1900;MA2115;0;99;9;12;4;SM;1;1;7;8
1900;PB3623;0;99;9;12;9;SM;;;;
1900;QM1121;0;99;9;12;4;SM;1;0;7;8
1900;QM1122;0;99;9;12;5;SM;1;1;7;8
1900;QM1181;0;99;9;12;5;SM;;;;
1900;QM1182;0;99;9;12;6;SM;;;;
1900;QM2421;0;99;9;12;6;SM;;;;
1900;QM2428;0;99;9;12;10;SM;;;;
1900;QM2488;0;99;9;12;7;SM;;;;
0800;CO3815;1;0;1;3;6;SM;1;0;1;3
0800;CI2617;1;0;1;3;6;SM;;;;
0800;CI3815;1;0;1;3;6;SM;1;17;1;3
0800;EP2308;1;0;1;3;14;SM;1;17;1;3
1700;CO4311;1;0;1;3;11;SM;1;2;1;3
1700;CI2125;1;0;4;7;6;SM;1;9;1;3
1700;MC3618;1;0;1;3;11;SM;1;0;9;12
1700;MC4623;1;0;1;3;11;SM;1;0;9;12
0200;EP3202;1;0;1;3;13;SM;;;;
0100;EP1201;1;0;1;3;13;SM;;;;
0700;CI2461;1;0;1;3;4;SM;1;0;1;3
0700;CI2462;1;0;1;3;4;SM;1;0;1;3
0700;PL1510;1;0;1;3;4;SM;;;;
1100;PS1111;1;0;1;3;8;SM;1;9;7;8
0600;CO3121;1;0;1;3;7;SM;1;2;7;8
0400;QM2681;1;0;1;3;10;SM;1;11;9;12
1200;GC3214;1;0;1;3;7;SM;1;0;1;3
1200;GC3312;1;0;1;3;9;SM;1;8;7;8
1501;MT3411;1;0;1;3;8;SM;1;2;9;12
1503;MT3411;1;0;1;3;8;SM;1;2;9;12
1501;MT3311;1;0;1;3;11;SM;;;;
1501;MT3312;1;0;1;3;14;SM;;;;
1503;MT3312;1;0;1;3;11;SM;;;;
0300;QM1182;1;0;4;7;6;SM;;;;
1200;GC3311;1;0;1;3;8;SM;1;10;9;12
1200;GC3213;1;0;1;3;9;SM;1;10;9;12
1700;MC3121;1;0;1;3;5;SM;1;5;9;12
1700;MC2114;1;0;4;7;7;SM;1;2;4;7
1502;MT2243;1;0;4;7;9;SM;1;1;7;8
1502;MT3242;1;0;4;7;9;SM;;;;
0800;CI3725;1;0;1;3;9;SM;1;0;9;12
0800;CI4721;1;0;1;3;11;SM;;;;
0800;EP1301;1;0;1;3;12;SM;1;10;4;7
0800;EP1308;1;0;1;3;13;SM;1;17;1;3
0800;EP2301;1;0;1;3;12;SM;1;0;9;12
0800;EP3301;1;0;1;3;12;SM;1;2;7;8
0800;EP3308;1;0;4;7;15;SM;1;17;1;3
0800;PS1115;1;0;4;7;10;SM;1;13;1;3
0800;PS1111;1;0;4;7;11;SM;;;;
1200;GC3121;1;0;4;7;8;SM;1;5;7;8
1200;GC4121;1;0;4;7;12;SM;1;4;7;8
1000;EP1410;1;0;4;7;5;SM;1;4;9;12
0200;MC2422;1;0;4;7;6;SM;;;;
0400;QM2282;1;0;4;7;12;SM;1;4;1;3
0700;MC3252;1;0;4;7;8;SM;1;8;9;12
0700;CI2461;1;0;4;7;5;SM;1;1;9;12
0700;CI2462;1;0;4;7;6;SM;1;1;9;12
0700;DA2314;1;0;4;7;11;SM;;;;
0700;DA2561;1;0;4;7;12;SM;;;;
0700;DA3411;1;0;4;7;10;SM;1;5;4;7
0700;MC3253;1;0;4;7;9;SM;1;8;9;12
0700;MC3254;1;0;4;7;10;SM;1;5;7;8
0800;EP3420;1;0;4;7;13;SM;;;;
1200;FS2212;1;0;7;8;5;SM;;;;
1900;BO4385;1;0;9;12;10;SM;;;;
1900;BO2211;1;0;9;12;4;SM;1;1;9;12
1900;BC3121;1;0;9;12;7;SM;;;;
1900;BC3181;1;0;9;12;7;SM;;;;
1900;BO2281;1;0;9;12;4;SM;1;1;9;12
1700;PS4161;1;0;9;12;10;SM;1;1;1;3
1700;PS4162;1;0;9;12;11;SM;1;6;1;3
1700;PS4163;1;0;9;12;12;SM;1;6;1;3
1700;PS3111;1;0;9;12;7;SM;;;;
1700;CT3331;1;0;9;12;6;SM;1;7;1;3
1700;CE2111;1;0;9;12;10;SM;;;;
1700;CE4258;1;0;9;12;14;SM;1;5;7;8
1700;CE3251;1;0;9;12;11;SM;1;5;9;12
1700;MC4123;1;0;9;12;10;SM;1;5;9;12
0800;CI4321;1;0;9;12;8;SM;;;;
1700;CE3116;1;0;9;12;11;SM;1;2;1;3
0100;EC1251;1;0;9;12;5;SM;1;1;7;8
0400;QM2421;1;0;9;12;8;SM;;;;
0400;QM1121;1;0;9;12;4;SM;;;;
0100;CT3233;1;0;9;12;8;SM;;;;
1503;MC4131;1;0;9;12;10;SM;;;;
1000;FS4211;1;1;1;3;10;SM;1;0;7;8
0100;CT1212;1;1;1;3;5;SM;;;;
1700;PS4283;1;1;1;3;8;SM;1;3;1;3
1700;EP2417;1;1;1;3;5;SM;1;8;4;7
0200;MC5411;1;1;1;3;14;SM;1;13;9;12
1100;PL2117;1;1;1;3;10;SM;;;;
1700;PS3111;1;1;1;3;7;SM;;;;
0700;DA2121;1;1;1;3;8;SM;1;6;1;3
0700;DA2122;1;1;1;3;9;SM;;;;
1700;EC3514;1;1;1;3;10;SM;1;1;1;3
0800;CI3725;1;1;1;3;9;SM;1;10;9;12
0800;EP2301;1;1;1;3;12;SM;1;2;1;3
0800;MA5637;1;1;1;3;12;SM;;;;
0800;MA5638;1;1;1;3;13;SM;;;;
0400;EP4196;1;1;1;3;13;SM;;;;
0400;EP5196;1;1;1;3;14;SM;1;11;9;12
0400;EP1301;1;1;1;3;13;SM;1;10;4;7
0400;EP2301;1;1;1;3;14;SM;1;2;1;3
0400;EP3301;1;1;1;3;15;SM;1;10;4;7
0100;CT3231;1;1;1;3;7;SM;1;2;1;3
0100;CT3231;1;1;4;7;7;SM;1;2;1;3
0100;MC1412;1;1;4;7;4;SM;1;12;1;3
1700;EC2174;1;1;1;3;7;SM;1;6;9;12
1700;EC3514;1;1;4;7;10;SM;1;2;1;3
1700;PS4161;1;1;4;7;10;SM;1;6;1;3
0400;EP1396;1;1;1;3;13;SM;;;;
0400;EP1496;1;1;1;3;14;SM;;;;
0400;EP1596;1;1;1;3;15;SM;;;;
1100;PL2183;1;1;4;7;6;SM;1;1;9;12
0200;MC4131;1;1;4;7;10;SM;1;3;9;12
0501;EP3420;1;1;4;7;11;SM;;;;
0100;FS2211;1;1;4;7;4;SM;;;;
0200;FS2211;1;1;4;7;4;SM;;;;
1100;GC3131;1;1;9;12;9;SM;1;1;7;8
1100;PL2187;1;1;9;12;10;SM;1;9;7;8
0600;EC1167;1;1;9;12;6;SM;1;1;9;12
0600;EC1281;1;1;9;12;4;SM;1;2;7;8
1100;CO2124;1;1;9;12;7;SM;1;10;1;3
1900;CO2124;1;1;9;12;7;SM;;;;
0600;EC2171;0;99;7;8;9;SM;1;4;9;12
1100;PL3413;1;1;9;12;11;SM;1;9;4;7
0500;CI2615;1;1;9;12;7;SM;;;;
0500;CI2616;1;1;9;12;8;SM;;;;
1000;FS3411;1;1;9;12;7;SM;1;7;7;8
0500;MA2511;1;1;9;12;4;SM;1;2;7;8
0500;MA2512;1;1;9;12;5;SM;;;;
0500;MA2513;1;1;9;12;6;SM;;;;
0500;MA3613;1;1;9;12;9;SM;1;9;9;12
0500;MA3712;1;1;9;12;8;SM;1;9;4;7
0500;MA3713;1;1;9;12;9;SM;1;10;1;3
0500;MA4511;1;1;9;12;10;SM;;;;
0500;MA4512;1;1;9;12;11;SM;;;;
0500;MA4612;1;1;9;12;11;SM;;;;
1000;FS4211;1;1;9;12;10;SM;1;2;1;3
0500;MA4211;1;1;9;12;10;SM;;;;
1000;FS5221;1;1;9;12;13;SM;1;7;9;12
1000;FS5321;1;1;9;12;11;SM;1;3;7;8
1000;FS3281;1;1;9;12;7;SM;;;;
1000;FS3211;1;1;9;12;7;SM;;;;
1000;FS5322;1;1;9;12;12;SM;1;7;9;12
1000;FS2212;1;1;9;12;5;SM;1;1;7;8
1000;FS2111;1;1;9;12;6;SM;1;3;9;12
0700;DA2313;1;1;9;12;10;SM;1;5;4;7
0500;MA4212;1;1;9;12;11;SM;;;;
0500;MA4311;1;1;9;12;10;SM;;;;
0500;MA4312;1;1;9;12;11;SM;;;;
0500;MA4411;1;1;9;12;10;SM;1;1;7;8
0500;MA4412;1;1;9;12;11;SM;1;1;7;8
1900;BO2212;1;1;9;12;4;SM;1;2;7;8
1900;BO2282;1;1;9;12;4;SM;1;2;7;8
0500;MA2221;1;1;9;12;4;SM;;;;
0501;MA2221;1;1;9;12;4;SM;;;;
1000;MA2221;1;1;9;12;4;SM;;;;
0300;FS2211;1;1;9;12;4;SM;;;;
0400;FS2211;1;1;9;12;4;SM;;;;
0500;FS2211;1;1;9;12;4;SM;;;;
0600;FS2211;1;1;9;12;4;SM;;;;
1000;FS2211;0;99;9;12;4;SM;1;1;7;8
1000;FS2211;1;1;9;12;4;SM;;;;
1200;FS2211;1;1;9;12;4;SM;;;;
1501;FS2211;1;1;9;12;4;SM;;;;
1502;FS2211;1;1;9;12;4;SM;;;;
1503;FS2211;1;1;9;12;4;SM;;;;
1504;FS2211;1;1;9;12;4;SM;;;;
1700;FS2211;1;1;9;12;4;SM;;;;
0100;MA2115;1;1;9;12;4;SM;;;;
0200;MA2115;1;1;9;12;4;SM;;;;
0300;MA2115;1;1;9;12;4;SM;;;;
0400;MA2115;1;1;9;12;4;SM;;;;
0600;MA2115;1;1;9;12;4;SM;;;;
0800;MA2115;1;1;9;12;4;SM;;;;
1000;MA2115;1;1;9;12;4;SM;;;;
1100;MA2115;1;1;9;12;4;SM;;;;
1200;MA2115;1;1;9;12;4;SM;;;;
1501;MA2115;1;1;9;12;4;SM;;;;
1502;MA2115;1;1;9;12;4;SM;;;;
1503;MA2115;1;1;9;12;4;SM;;;;
1504;MA2115;1;1;9;12;4;SM;;;;
1700;MA2115;1;1;9;12;4;SM;;;;
1900;MA2115;1;1;9;12;4;SM;;;;
0501;CO2111;1;1;9;12;4;SM;;;;
0500;MA2311;1;1;9;12;4;SM;1;9;4;7
0501;MA2311;1;1;9;12;4;SM;1;9;4;7
1000;MA2311;1;1;9;12;4;SM;1;3;9;12
0800;CI2615;1;1;9;12;4;SM;;;;
0300;CI2121;1;1;9;12;4;SM;1;3;9;12
0500;CI2121;1;1;9;12;6;SM;;;;
0100;EC1251;1;1;9;12;5;SM;1;12;1;3
0600;EC1251;1;1;9;12;4;SM;1;2;7;8
0300;QM1121;1;0;9;12;4;SM;;;;
0500;MA4642;1;1;9;12;11;SM;1;1;9;12
0500;MA3421;1;1;9;12;4;SM;;;;
0500;MA4641;1;1;9;12;10;SM;;;;
1200;EP1412;1;1;9;12;13;SM;1;12;1;3
1200;EP2412;1;1;9;12;14;SM;1;12;1;3
1200;EP3412;1;1;9;12;15;SM;1;12;1;3
1100;PL2188;1;2;1;3;11;SM;;;;
1100;PL2183;1;2;1;3;6;SM;;;;
1700;MC3617;1;2;1;3;10;SM;1;2;1;3
1900;BO2283;1;2;1;3;5;SM;1;7;1;3
1900;BO2213;1;2;1;3;5;SM;1;2;4;7
0600;EC1167;1;2;1;3;6;SM;1;3;1;3
1900;EP1719;1;2;1;3;4;SM;1;11;9;12
1900;EP2222;1;2;1;3;10;SM;;;;
0501;MA4211;1;2;1;3;10;SM;;;;
0300;MA2112;1;2;1;3;5;SM;;;;
0500;MA4411;1;2;1;3;10;SM;;;;
0500;MA4642;1;2;1;3;11;SM;;;;
0100;MC2141;1;2;4;7;6;SM;1;4;4;7
0200;MC2141;1;2;4;7;6;SM;;;;
0300;MC2141;1;2;4;7;6;SM;;;;
1501;MC2141;1;2;4;7;6;SM;;;;
1502;MC2141;1;2;4;7;6;SM;;;;
0200;MC2142;1;2;4;7;7;SM;;;;
1503;MC2142;1;2;4;7;7;SM;;;;
1501;MC2142;1;2;4;7;7;SM;;;;
1502;MC2142;1;2;4;7;7;SM;;;;
1504;MC2142;1;2;4;7;7;SM;;;;
0200;MC2143;1;2;1;3;8;SM;;;;
1503;MC2143;1;2;1;3;8;SM;1;2;9;12
0200;MC2431;1;2;4;7;7;SM;;;;
0200;MC2432;1;2;1;3;8;SM;1;4;4;7
0100;CT3232;1;2;1;3;7;SM;1;1;9;12
0100;CT3231;1;2;1;3;6;SM;1;2;1;3
0100;CT4211;1;2;1;3;10;SM;;;;
1200;FS3859;0;99;9;12;9;SM;1;2;1;3
0100;EC2262;1;2;1;3;5;SM;1;1;9;12
1503;MC2141;1;2;4;7;6;SM;;;;
1700;MC2141;1;2;4;7;6;SM;;;;
1000;FS2212;1;2;1;3;5;SM;1;3;9;12
1504;MC2141;1;2;4;7;6;SM;;;;
0100;MC2142;1;2;4;7;7;SM;1;11;9;12
0300;MC2142;1;2;4;7;7;SM;;;;
1900;BC3361;1;2;4;7;4;SM;1;2;4;7
1900;BO5272;1;2;4;7;6;SM;1;7;1;3
0500;MA6312;1;2;4;7;7;SM;;;;
1700;MC2142;1;2;4;7;7;SM;;;;
1900;EA2114;1;2;4;7;9;SM;;;;
1900;EA2115;1;2;4;7;6;SM;;;;
1900;EA2313;1;2;4;7;6;SM;;;;
1900;EA2112;1;2;4;7;6;SM;;;;
1900;EA2382;1;2;4;7;8;SM;;;;
1900;EA2183;1;2;4;7;10;SM;;;;
1900;EA2184;1;2;1;3;7;SM;;;;
1200;FS3852;0;99;9;12;8;SM;1;2;1;3
0100;CT4234;1;2;4;7;9;SM;;;;
0800;EP2301;1;2;4;7;14;SM;1;10;4;7
0400;EP2301;1;2;4;7;14;SM;1;2;9;12
0100;CT3231;1;2;4;7;6;SM;1;7;1;3
1100;PL3183;0;99;9;12;14;SM;1;2;1;3
1100;PL3183;1;2;4;7;14;SM;1;9;7;8
0500;MA6241;1;2;4;7;4;SM;;;;
0501;MA6241;1;2;4;7;4;SM;;;;
1000;FS4211;1;2;4;7;10;SM;1;3;9;12
1000;MA2112;1;2;4;7;5;SM;1;3;9;12
0700;FS1111;1;2;4;7;5;SM;;;;
1100;FS1111;1;2;4;7;5;SM;;;;
0300;TF1221;1;2;4;7;7;SM;;;;
0100;EC2262;1;0;4;7;5;SM;1;10;9;12
0600;CI2125;1;2;9;12;6;SM;;;;
1700;MC3128;0;99;9;12;9;SM;1;2;4;7
1700;MC3621;0;99;9;12;12;SM;1;0;9;12
1700;PS4313;1;2;4;7;7;SM;1;6;9;12
1100;PL2115;1;2;9;12;7;SM;1;8;9;12
1900;BC3221;1;2;9;12;8;SM;1;2;9;12
0600;EC3179;1;2;9;12;10;SM;1;3;7;8
0600;EC1723;1;2;9;12;7;SM;1;5;7;8
0600;EC2721;1;2;9;12;8;SM;;;;
0600;EC2272;1;2;9;12;5;SM;;;;
0600;EC1177;1;2;9;12;7;SM;;;;
0600;EC2178;1;2;9;12;8;SM;1;5;7;8
0600;EC1421;1;2;9;12;9;SM;;;;
0600;EC1281;1;2;9;12;5;SM;1;5;7;8
0600;EC1251;1;2;9;12;4;SM;1;2;7;8
0600;CO3121;1;2;9;12;8;SM;;;;
0600;EC1311;1;2;9;12;9;SM;;;;
1900;BC3421;1;2;4;7;10;SM;;;;
1700;CE3116;1;2;4;7;12;SM;1;5;7;8
1700;CO3321;1;2;4;7;8;SM;;;;
1700;CO4311;1;2;4;7;9;SM;;;;
1700;EC3514;1;2;4;7;8;SM;;;;
1700;MC3611;0;99;9;12;8;SM;1;2;1;3
1700;MC3611;1;2;4;7;9;SM;;;;
1700;MC3612;1;2;4;7;10;SM;;;;
1700;MC3617;1;2;4;7;11;SM;1;2;9;12
1700;MT1113;1;2;4;7;8;SM;;;;
0600;EP2406;1;2;9;12;14;SM;1;12;1;3
1700;TF1221;1;2;4;7;12;SM;;;;
1700;PS1111;0;99;9;12;10;SM;1;2;1;3
1700;PS1111;1;2;4;7;9;SM;1;7;1;3
0600;CE2562;1;3;1;3;8;SM;1;5;1;3
1700;TF1121;1;2;4;7;9;SM;1;9;1;3
0501;MA4412;1;1;9;12;11;SM;1;1;9;12
0500;MA4412;1;2;1;3;11;SM;;;;
1000;FS3413;1;1;9;12;14;SM;1;1;9;12
0200;MT1113;1;2;9;12;10;SM;;;;
0500;FS3413;1;1;9;12;10;SM;;;;
1000;FS5482;1;1;9;12;14;SM;1;7;9;12
1900;EA2100;1;3;1;3;4;SM;;;;
1700;MC3617;1;3;1;3;11;SM;1;8;4;7
0200;MC2312;1;3;1;3;8;SM;;;;
1900;EP2219;1;3;1;3;10;SM;1;11;9;12
1900;EP1219;1;3;1;3;8;SM;1;11;9;12
1501;EP1217;1;3;1;3;14;SM;;;;
1503;MC2143;1;3;1;3;8;SM;1;3;1;3
1502;TF1221;1;2;9;12;8;SM;;;;
1503;TF1221;1;2;9;12;9;SM;;;;
1501;TF1221;1;2;9;12;9;SM;;;;
1504;TF1221;1;2;9;12;8;SM;;;;
0600;CI2126;1;3;1;3;5;SM;1;3;1;3
0300;PS2319;1;3;9;12;11;SM;;;;
0300;EP1420;1;3;9;12;10;SM;1;8;9;12
0300;EP1203;1;3;9;12;13;SM;;;;
0600;EC4179;1;3;9;12;11;SM;;;;
0600;EC3731;1;3;9;12;9;SM;;;;
0400;EP2301;1;3;1;3;12;SM;1;10;4;7
0400;PS3218;1;3;1;3;8;SM;;;;
1502;MC3127;1;2;9;12;11;SM;1;2;9;12
1502;MC3127;1;3;1;3;11;SM;;;;
0600;EC2422;1;3;9;12;10;SM;;;;
0400;EP2404;1;3;9;12;12;SM;1;12;1;3
0300;PS2319;1;3;7;8;11;SM;;;;
0300;TF1121;1;3;7;8;7;SM;1;3;7;8
0600;PS2315;1;3;9;12;6;SM;;;;
0600;FS2282;1;3;9;12;6;SM;;;;
0300;PS3216;1;3;9;12;15;SM;;;;
0300;TF1121;1;3;9;12;7;SM;1;14;7;8
0400;MA2112;1;1;9;12;5;SM;;;;
0300;EP1203;1;3;7;8;13;SM;;;;
1700;EP3420;1;3;7;8;13;SM;;;;
0200;EP3302;1;3;7;8;13;SM;1;4;1;3
1503;MC2143;1;3;9;12;8;SM;;;;
1700;EP5417;1;3;7;12;13;SM;;;;
0300;EP5403;1;3;7;12;13;SM;;;;
0400;EP5404;1;3;7;12;13;SM;1;11;9;12
0100;EP5401;1;3;7;12;13;SM;1;4;9;12
1501;EP5415;1;3;7;12;13;SM;;;;
1502;EP5415;1;3;7;12;13;SM;;;;
1503;EP5415;1;3;7;12;13;SM;;;;
1504;EP5415;1;3;7;12;13;SM;;;;
0200;MC2415;1;1;9;12;8;SM;1;3;7;8
0300;TF2314;1;4;4;7;14;SM;1;3;7;8
1000;FS5321;1;3;9;12;11;SM;1;3;9;12
1502;MC2511;1;2;1;3;9;SM;1;8;4;7
1502;MT2243;1;1;9;12;9;SM;;;;
0600;EC3173;1;3;9;12;11;SM;1;5;1;3
0600;PS1314;1;1;9;12;9;SM;1;4;1;3
1700;MC4662;1;4;1;3;12;SM;;;;
0100;CT3232;1;0;9;12;7;SM;1;4;9;12
0100;CT4611;1;3;9;12;12;SM;;;;
1100;PL2116;1;2;9;12;9;SM;1;9;7;8
0600;EC2322;1;4;1;3;10;SM;1;3;9;12
0600;EC3423;1;4;1;3;11;SM;;;;
0600;EC3882;1;4;4;7;11;SM;1;5;1;3
0600;EC3883;1;4;4;7;12;SM;;;;
0600;EC4434;1;4;1;3;13;SM;;;;
0600;EC5751;1;4;1;3;13;SM;;;;
0800;EP3301;1;2;9;12;12;SM;1;10;4;7
0600;PS2322;1;4;1;3;11;SM;;;;
0600;PS2323;1;4;1;3;12;SM;;;;
0300;TF2314;1;3;7;8;14;SM;1;3;7;8
0300;TF2314;1;3;9;12;13;SM;;;;
0300;CO2111;1;4;1;3;4;SM;;;;
0200;MC2415;1;3;1;3;9;SM;;;;
0200;MC4131;1;4;1;3;10;SM;;;;
0600;EC3179;1;3;9;12;10;SM;;;;
0600;EP1506;1;4;1;3;13;SM;1;12;1;3
0600;EP2506;1;4;1;3;14;SM;1;12;1;3
1900;BC3221;1;3;9;12;4;SM;1;3;9;12
1501;MT3411;1;3;1;3;8;SM;1;5;7;8
1503;MT3411;1;3;1;3;8;SM;1;5;7;8
0300;CO2121;1;3;9;12;5;SM;1;3;9;12
0300;TF1313;1;3;9;12;7;SM;;;;
0500;MA2511;1;2;9;12;4;SM;;;;
1000;FS2111;1;4;1;3;6;SM;;;;
1000;FS2212;1;4;1;3;5;SM;1;12;7;8
1000;FS2233;1;4;1;3;6;SM;;;;
1000;FS4211;1;4;1;3;10;SM;1;5;4;7
1000;FS5321;1;4;1;3;11;SM;1;7;9;12
1000;MA2112;1;4;1;3;5;SM;;;;
1000;MA5351;0;99;9;12;9;SM;1;3;9;12
1000;MA5351;1;4;1;3;11;SM;;;;
1700;QM1121;1;0;9;12;4;SM;;;;
1000;MA2313;0;99;9;12;6;SM;1;3;9;12
0200;QM1121;0;99;9;12;4;SM;1;1;7;8
0200;QM1121;1;1;9;12;4;SM;;;;
0600;EC1251;1;3;1;3;5;SM;1;5;1;3
0600;EC3881;1;4;1;3;10;SM;1;4;1;3
0501;MA3712;1;4;1;3;8;SM;1;9;4;7
1501;QM1121;1;0;9;12;4;SM;;;;
1502;QM1121;1;0;9;12;4;SM;;;;
1503;QM1121;1;0;9;12;4;SM;;;;
1504;QM1121;0;99;9;12;4;SM;1;0;7;8
1504;QM1121;1;0;9;12;4;SM;;;;
1900;QM1121;1;0;9;12;4;SM;1;1;7;8
0600;CI2126;1;3;9;12;7;SM;;;;
0800;CI5856;1;0;4;7;15;SM;;;;
0800;CI5855;1;0;4;7;14;SM;;;;
0600;EC3184;1;4;1;3;12;SM;1;4;9;12
0700;EP3307;1;4;4;7;15;SM;1;4;7;8
1501;TF1121;1;4;1;3;7;SM;1;7;1;3
1502;TF1121;1;4;1;3;7;SM;1;7;1;3
1503;TF1121;1;4;1;3;8;SM;1;7;1;3
1504;TF1121;1;4;1;3;7;SM;1;7;1;3
1700;PS4283;1;4;4;7;5;SM;;;;
1900;BC3281;1;1;9;12;8;SM;;;;
1900;ID1112;1;1;9;12;8;SM;;;;
1900;FS1111;1;1;9;12;5;SM;;;;
0600;MA2112;1;1;9;12;5;SM;1;1;9;12
0600;MA2112;1;2;1;3;5;SM;;;;
0400;QM2282;1;4;4;7;12;SM;1;12;1;3
0502;MA2512;1;3;9;12;5;SM;;;;
0502;MA3613;1;3;9;12;9;SM;1;9;9;12
0502;MA3313;1;3;9;12;9;SM;1;12;1;3
0502;MA3712;1;3;9;12;8;SM;;;;
0502;MA3312;1;3;9;12;8;SM;1;12;1;3
0502;MA3421;1;3;9;12;7;SM;;;;
0502;MA3311;1;3;9;12;7;SM;1;12;1;3
0502;MA2513;1;3;9;12;6;SM;;;;
0502;MA2313;1;3;9;12;6;SM;1;12;1;3
0502;MA2223;1;3;9;12;6;SM;;;;
0502;MA2312;1;3;9;12;5;SM;1;9;4;7
0502;MA2222;1;3;9;12;5;SM;;;;
0502;MA2511;1;3;9;12;4;SM;;;;
0502;MA2311;1;3;9;12;4;SM;1;9;4;7
0502;MA2221;1;3;9;12;4;SM;;;;
0400;QM2382;1;4;9;12;9;SM;1;12;7;8
0400;QM2581;1;4;9;12;10;SM;1;12;1;3
0600;EC3881;1;4;4;7;10;SM;;;;
1700;CO4312;1;4;9;12;10;SM;;;;
0200;MC2414;1;4;9;12;10;SM;;;;
0200;MC2432;1;4;9;12;8;SM;;;;
0600;CE3122;1;4;9;12;12;SM;1;5;1;3
0200;CT3412;1;4;9;12;12;SM;1;10;7;8
0200;CT3413;0;99;9;12;15;SM;1;4;4;7
0200;CT3413;1;4;9;12;15;SM;1;10;1;3
0200;CT3415;1;4;9;12;14;SM;1;10;7;8
0200;CT3411;1;4;9;12;11;SM;;;;
0800;MA2112;0;99;9;12;5;SM;1;0;7;8
0800;MA2112;1;0;9;12;5;SM;;;;
0800;CO3211;1;5;1;3;10;SM;1;10;1;3
1900;BO2212;1;2;9;12;4;SM;;;;
1900;BO2282;1;2;9;12;4;SM;;;;
0700;MC3255;1;4;9;12;15;SM;1;4;9;12
0200;EP5402;1;4;1;3;13;SM;;;;
1502;MT3232;1;3;9;12;10;SM;;;;
1700;MC2131;1;5;1;3;7;SM;;;;
1900;BC3361;1;2;7;8;4;SM;;;;
1900;BO2213;1;2;7;8;5;SM;;;;
0700;EP2307;1;4;9;12;14;SM;1;5;4;7
1200;GC4121;1;4;9;12;12;SM;;;;
0700;MC3255;1;5;1;3;15;SM;1;9;7;8
1700;MC3627;1;5;4;7;11;SM;;;;
0502;CC3111;1;4;4;7;4;SM;;;;
1200;EP3113;1;4;7;8;13;SM;;;;
0500;CI2611;1;5;1;3;4;SM;1;5;7;8
0600;EP1206;1;5;1;3;13;SM;;;;
1700;PS4112;1;5;1;3;10;SM;;;;
0800;CO3121;0;99;9;12;7;SM;1;4;1;3
0800;CO3121;1;5;1;3;8;SM;;;;
0800;CI2691;1;4;9;12;5;SM;1;13;1;3
0500;CI2691;1;4;9;12;5;SM;1;13;1;3
0800;CI2612;1;5;1;3;6;SM;1;10;7;8
0500;CI2612;1;5;1;3;6;SM;1;13;1;3
0800;CI2692;1;5;1;3;6;SM;1;13;1;3
0500;CI2692;1;5;1;3;6;SM;1;13;1;3
0800;CI3641;1;5;1;3;9;SM;1;10;7;8
0800;CI3661;1;5;1;3;9;SM;1;13;1;3
0800;CI2613;1;5;1;3;9;SM;1;11;7;8
0800;CI3311;1;5;1;3;11;SM;1;13;1;3
0800;CI3391;1;5;1;3;11;SM;1;13;1;3
0600;EC3183;0;99;9;12;9;SM;1;4;9;12
1000;EP1410;1;5;1;3;5;SM;1;7;9;12
1000;EP2410;1;5;1;3;5;SM;1;7;9;12
1000;EP3410;1;5;1;3;5;SM;1;7;9;12
1501;MC2131;1;5;1;3;9;SM;;;;
1502;MC2131;1;5;1;3;9;SM;;;;
1504;MC2131;1;5;1;3;9;SM;;;;
0800;CI2693;1;5;1;3;8;SM;1;13;1;3
0800;CI3715;1;5;1;3;9;SM;;;;
0300;QM2487;1;4;9;12;10;SM;;;;
1200;GC4114;0;99;9;12;10;SM;1;4;9;12
1200;GC4114;1;5;1;3;12;SM;1;6;7;8
0600;EC2322;1;4;4;7;10;SM;;;;
1900;BC3221;1;3;1;3;8;SM;1;3;9;12
1900;BC3221;1;4;1;3;8;SM;1;4;1;3
1502;MT2284;1;5;1;3;10;SM;;;;
0100;EC1167;1;4;9;12;7;SM;;;;
1900;BC3221;1;4;4;7;7;SM;;;;
1700;CE3351;1;5;4;7;11;SM;1;8;4;7
0502;CC3115;1;5;4;7;5;SM;;;;
0502;CC3112;1;5;4;7;5;SM;;;;
0502;CC3114;1;5;4;7;4;SM;;;;
1700;PS5220;1;5;4;7;14;SM;1;8;4;7
0100;MC2141;1;4;7;8;6;SM;;;;
1100;PL3181;1;5;4;7;12;SM;;;;
1900;EP1301;1;5;4;7;12;SM;1;10;4;7
1900;EP2301;1;5;4;7;13;SM;1;10;4;7
1900;EP3301;1;5;4;7;14;SM;1;10;4;7
1900;EA2113;0;99;9;12;9;SM;1;5;1;3
1900;EA2381;0;99;9;12;6;SM;1;5;1;3
1900;BO3381;1;5;4;7;11;SM;;;;
1900;BO3321;1;5;4;7;10;SM;;;;
1200;GC3114;1;5;1;3;8;SM;1;5;7;8
1000;EP2310;1;5;4;7;14;SM;;;;
1000;EP3310;1;5;4;7;15;SM;;;;
0600;CE3122;1;5;4;7;12;SM;;;;
0600;CE2562;1;5;4;7;8;SM;;;;
0600;EP5406;1;5;4;7;13;SM;;;;
0600;EP1306;1;5;4;7;12;SM;1;12;1;3
0600;EP1406;1;5;4;7;12;SM;1;12;1;3
0600;EP2206;1;5;4;7;14;SM;;;;
0600;EP3206;1;5;4;7;15;SM;;;;
1900;BO3221;0;99;9;12;10;SM;1;1;4;7
1900;BO3221;1;1;9;12;10;SM;;;;
0600;EC1251;1;5;4;7;4;SM;;;;
0600;EC1281;1;5;9;12;5;SM;;;;
0600;EC1723;1;5;9;12;7;SM;;;;
0600;EC2178;1;5;9;12;8;SM;;;;
0600;EC3882;1;5;4;7;11;SM;;;;
0600;EC3173;1;5;4;7;13;SM;;;;
1700;CE3116;1;5;9;12;12;SM;1;7;1;3
1700;CE4258;1;5;9;12;14;SM;1;8;4;7
0600;EP2306;1;5;9;12;14;SM;1;12;1;3
1000;FS4211;1;5;7;8;10;SM;1;7;9;12
1700;MC6622;0;99;9;12;15;SM;1;5;9;12
0700;DA2211;0;99;9;12;4;SM;1;5;4;7
0700;DA2211;1;5;9;12;4;SM;1;9;4;7
0700;DA1312;1;5;9;12;5;SM;1;9;7;8
0700;DA2123;1;5;9;12;10;SM;;;;
0700;DA1311;1;5;9;12;4;SM;1;14;1;3
0700;DA1313;0;99;9;12;6;SM;1;5;4;7
0700;DA1313;1;5;9;12;6;SM;1;9;7;8
0700;DA2312;1;5;9;12;9;SM;;;;
0700;EP1207;0;99;9;12;14;SM;1;5;9;12
0700;DA2313;1;5;9;12;10;SM;;;;
0700;DA3311;1;5;9;12;12;SM;;;;
0700;DA2562;0;99;9;12;13;SM;1;5;4;7
0700;DA2562;1;5;9;12;11;SM;;;;
0700;DA2563;1;5;9;12;12;SM;;;;
0700;DA2511;1;5;9;12;8;SM;;;;
0700;DA2512;0;99;9;12;8;SM;1;5;4;7
0700;DA2512;1;5;9;12;9;SM;;;;
0700;DA4541;1;5;9;12;11;SM;;;;
0700;DA1411;1;5;9;12;4;SM;;;;
0700;DA1412;1;5;9;12;5;SM;;;;
0700;DA2411;0;99;9;12;7;SM;1;5;4;7
0700;DA2411;1;5;9;12;6;SM;;;;
0700;DA2412;1;5;9;12;7;SM;;;;
0700;DA2413;1;5;9;12;8;SM;;;;
0700;DA3411;1;5;9;12;9;SM;;;;
0700;EP1107;1;5;9;12;14;SM;1;7;7;8
0700;EP3420;1;5;9;12;15;SM;1;7;7;8
0300;TF3341;1;6;1;3;10;SM;;;;
1200;GC3114;1;5;9;12;8;SM;;;;
1200;GC3121;1;5;9;12;8;SM;;;;
1200;GC3381;1;5;9;12;9;SM;;;;
1900;ID1111;1;1;9;12;7;SM;;;;
1900;ID1113;1;1;9;12;9;SM;;;;
0100;CT3232;1;5;1;3;7;SM;;;;
1500;FS2212;1;5;9;12;5;SM;;;;
1500;QM1121;1;5;9;12;4;SM;;;;
1500;MA2112;1;5;9;12;5;SM;;;;
1500;QM2421;1;5;9;12;6;SM;1;5;9;12
1500;MA2115;1;5;9;12;4;SM;;;;
1500;FS2211;1;5;9;12;4;SM;;;;
1500;FS2181;1;5;9;12;4;SM;;;;
1500;FS2281;1;5;9;12;5;SM;;;;
0100;MA2112;1;5;1;3;5;SM;;;;
1500;MC2131;1;5;9;12;9;SM;;;;
1500;QM2421;1;6;1;3;6;SM;1;9;4;7
1500;MT2411;1;6;1;3;6;SM;1;8;4;7
0700;DA2541;0;99;9;12;11;SM;1;5;9;12
0700;DA2541;1;6;1;3;7;SM;;;;
3000;TS2713;1;6;1;3;5;SM;;;;
3000;TS2715;1;6;1;3;5;SM;;;;
3000;TS1724;1;6;1;3;5;SM;;;;
1700;PS4161;1;6;4;7;10;SM;;;;
0502;MA4816;1;6;4;7;5;SM;;;;
1700;PS4162;1;6;4;7;11;SM;;;;
1700;PS4163;1;6;4;7;12;SM;1;7;1;3
1700;PS4350;1;6;4;7;11;SM;;;;
0501;MA3613;1;6;4;7;9;SM;;;;
1500;TF1122;1;6;4;7;7;SM;;;;
0500;CO3511;1;6;4;7;7;SM;;;;
1500;MT2511;1;6;4;7;6;SM;1;9;1;3
1500;MT2512;1;6;4;7;7;SM;;;;
1500;MT2513;1;6;4;7;9;SM;1;10;1;3
1500;MT2115;1;6;4;7;7;SM;1;16;1;3
1500;MT2581;1;6;4;7;7;SM;1;13;9;12
1500;MT3511;1;6;4;7;8;SM;;;;
1500;MT3612;1;6;4;7;9;SM;1;9;1;3
0501;MA3421;1;5;9;12;7;SM;;;;
0500;CO2113;1;5;9;12;6;SM;;;;
0700;DA2121;1;6;4;7;8;SM;;;;
1500;MC3610;1;6;4;7;10;SM;;;;
1500;MC2510;1;6;4;7;10;SM;1;12;9;12
1500;MA2113;1;6;4;7;5;SM;;;;
1500;MC2141;1;6;4;7;5;SM;;;;
1200;GC3214;1;0;4;7;7;SM;1;6;7;8
1200;GC3214;1;6;9;12;7;SM;1;8;4;7
1200;GC4114;1;6;9;12;10;SM;;;;
1504;MT2114;1;5;9;12;8;SM;;;;
1503;MC3613;1;5;9;12;9;SM;;;;
1504;MT2221;1;5;9;12;10;SM;;;;
1504;MT2226;1;5;9;12;11;SM;;;;
1501;MT2311;1;5;9;12;10;SM;;;;
1502;MT2231;1;5;9;12;8;SM;;;;
1501;MT3313;1;5;9;12;9;SM;;;;
1501;MT3411;1;5;9;12;8;SM;1;7;4;7
1503;MT3411;1;5;9;12;8;SM;1;7;4;7
1501;MT4411;1;5;9;12;9;SM;;;;
1503;MT4411;1;5;9;12;12;SM;;;;
1504;MT4411;1;5;9;12;10;SM;;;;
1501;MT3314;1;5;9;12;9;SM;;;;
1503;MT3314;1;5;9;12;14;SM;;;;
1502;MT2242;1;5;9;12;8;SM;;;;
1500;TF2241;1;6;4;7;10;SM;;;;
1500;MC2142;1;6;4;7;7;SM;;;;
1500;MT3614;1;5;9;12;11;SM;1;13;9;12
1500;MT2582;1;5;9;12;8;SM;1;14;7;8
1501;MT2582;1;5;9;12;8;SM;;;;
1503;MT2582;1;5;9;12;8;SM;;;;
1504;MT2582;1;5;9;12;8;SM;;;;
1500;MT2583;1;5;9;12;9;SM;1;14;7;8
1501;MT2583;1;5;9;12;9;SM;;;;
1503;MT2583;1;5;9;12;9;SM;;;;
1504;MT2583;1;5;9;12;9;SM;;;;
1501;MT2115;1;6;4;7;7;SM;1;7;7;8
1503;MT2115;1;6;4;7;7;SM;;;;
1504;MT2115;1;6;4;7;7;SM;;;;
1501;TF1122;1;6;4;7;7;SM;;;;
1503;TF1122;1;6;4;7;7;SM;;;;
1504;TF1122;1;6;4;7;7;SM;;;;
1501;MT2581;1;6;4;7;7;SM;;;;
1503;MT2581;1;6;4;7;7;SM;;;;
1504;MT2581;1;6;4;7;7;SM;;;;
1501;MT3511;1;6;4;7;8;SM;;;;
1503;MT3511;1;6;4;7;8;SM;;;;
1501;MT2512;1;6;4;7;7;SM;;;;
1503;MT2512;1;6;4;7;7;SM;;;;
1504;MT2512;1;6;4;7;7;SM;;;;
1501;MT2513;1;6;4;7;9;SM;;;;
1503;MT2513;1;6;4;7;9;SM;;;;
1504;MT2513;1;6;4;7;9;SM;;;;
0502;MA4917;1;6;9;12;9;SM;;;;
0502;MA4915;1;6;9;12;9;SM;;;;
3000;FC1224;1;6;4;7;4;SM;;;;
0501;CO4611;1;6;4;7;10;SM;;;;
0502;MA4820;1;6;9;12;9;SM;;;;
3000;FC1701;1;6;4;7;4;SM;;;;
3000;FC2703;1;6;4;7;5;SM;;;;
3000;FC2702;1;6;4;7;5;SM;;;;
3000;FCA161;1;6;4;7;5;SM;;;;
3000;FC2705;1;6;4;7;5;SM;;;;
3000;TS2721;1;6;4;7;5;SM;;;;
3000;TS3715;1;6;4;7;5;SM;;;;
3000;FC2713;1;6;4;7;5;SM;;;;
3000;TS2718;1;6;4;7;5;SM;;;;
3000;TS2720;1;6;4;7;5;SM;;;;
3000;TS3711;1;6;4;7;5;SM;;;;
3000;TS3713;1;6;4;7;5;SM;;;;
3000;TS3712;1;6;4;7;5;SM;;;;
3000;TS3718;1;6;4;7;5;SM;;;;
3000;TS3717;1;6;4;7;5;SM;;;;
3000;TS3720;1;6;4;7;5;SM;;;;
3000;TS0001;1;6;4;7;6;SM;;;;
3000;TS0002;1;6;4;7;7;SM;;;;
3000;TS3714;1;6;4;7;7;SM;;;;
3000;EP1430;1;6;4;7;10;SM;;;;
3000;FC4702;1;6;4;7;4;SM;;;;
3000;TS4719;1;6;4;7;5;SM;;;;
3000;TS5716;1;6;4;7;6;SM;;;;
1500;QM2427;1;6;9;12;5;SM;;;;
1501;MT2511;1;5;9;12;6;SM;;;;
1501;QM2427;1;5;9;12;5;SM;;;;
1502;TF1122;1;6;1;3;7;SM;;;;
1502;MT2511;1;6;1;3;6;SM;;;;
1503;MT2511;1;6;1;3;6;SM;;;;
1504;MT2511;1;6;1;3;6;SM;;;;
1500;CO3212;1;7;1;3;10;SM;1;9;1;3
1501;CO3212;1;7;1;3;10;SM;1;9;1;3
1502;CO3212;1;7;1;3;10;SM;1;9;1;3
1503;CO3212;1;7;1;3;10;SM;1;9;1;3
1504;CO3212;1;7;1;3;10;SM;1;9;1;3
1700;CE3451;1;7;1;3;11;SM;;;;
1500;QM1181;1;6;9;12;6;SM;;;;
0700;EP3307;1;4;9;12;15;SM;;;;
0300;TF2315;1;6;9;12;12;SM;;;;
1500;TF1221;1;6;9;12;8;SM;;;;
1501;MT2112;0;99;9;12;8;SM;1;7;1;3
0500;CI2611;1;5;9;12;4;SM;1;13;1;3
0800;CI2611;1;5;9;12;4;SM;1;10;7;8
1700;PS4313;1;7;1;3;7;SM;1;7;7;8
0100;EC2286;1;7;1;3;6;SM;1;8;1;3
0100;EC3188;1;7;1;3;10;SM;;;;
1501;TF2241;1;6;9;12;10;SM;;;;
1502;TF2241;1;6;9;12;10;SM;;;;
1503;TF2241;0;99;9;12;10;SM;1;6;7;8
1503;TF2241;1;6;9;12;10;SM;;;;
1504;TF2241;1;6;9;12;10;SM;;;;
1700;EC2174;1;7;1;3;7;SM;1;7;4;7
1502;EP3217;1;7;1;3;14;SM;;;;
1504;EP3215;1;7;1;3;14;SM;;;;
1504;EP2215;1;7;1;3;13;SM;;;;
1503;EP3218;1;7;1;3;14;SM;;;;
1503;EP2218;1;7;1;3;13;SM;;;;
1502;EP2217;1;7;1;3;13;SM;;;;
1501;EP2216;1;7;1;3;14;SM;;;;
1501;EP1216;1;7;1;3;13;SM;;;;
0100;CT3231;1;7;4;7;6;SM;;;;
1700;PS4163;1;7;4;7;12;SM;;;;
1700;CE3116;1;7;4;7;12;SM;;;;
1502;MC1412;0;99;9;12;5;SM;1;7;1;3
1900;BO2283;1;7;4;7;5;SM;;;;
1900;BO3281;1;7;4;7;11;SM;;;;
1900;BO5272;1;7;4;7;6;SM;;;;
0300;EP3420;1;3;9;12;13;SM;1;7;9;12
1700;PS1111;1;7;4;7;9;SM;;;;
1501;MT2413;0;99;9;12;8;SM;1;7;9;12
1503;MT2413;0;99;9;12;8;SM;1;7;9;12
1700;EC2112;1;7;9;12;7;SM;1;8;7;8
1100;PL1131;1;7;9;12;4;SM;;;;
1100;PL1132;1;7;9;12;5;SM;;;;
1100;PL1133;1;7;9;12;6;SM;;;;
1100;PL2121;1;7;9;12;8;SM;;;;
1100;PL1121;1;7;9;12;4;SM;;;;
1100;PL1122;1;7;4;7;5;SM;1;7;4;7
1100;PL2122;1;7;9;12;9;SM;;;;
1100;PL1123;1;7;9;12;6;SM;1;8;1;3
1100;PL1122;1;7;9;12;5;SM;;;;
1700;PS4313;1;7;9;12;7;SM;;;;
1700;EC2111;1;7;4;7;6;SM;1;8;7;8
0700;EP3420;1;7;9;12;15;SM;;;;
0700;EP1107;1;7;9;12;14;SM;;;;
0502;CC3211;1;7;9;12;7;SM;;;;
0502;CC3212;1;7;9;12;8;SM;1;9;4;7
0502;CC3213;1;7;9;12;7;SM;;;;
0502;CC3214;1;7;9;12;9;SM;;;;
3000;TS3716;1;7;4;7;4;SM;;;;
3000;TS2719;1;7;4;7;4;SM;;;;
3000;TS4712;1;7;4;7;4;SM;;;;
1000;FS3411;1;7;9;12;7;SM;;;;
0502;MA3811;1;8;1;3;9;SM;;;;
0502;MA3810;1;8;1;3;8;SM;1;9;9;12
0502;MA4810;1;8;1;3;10;SM;;;;
1501;MT2115;1;7;9;12;7;SM;;;;
0502;MA4910;1;8;1;3;10;SM;;;;
0502;MA4911;1;8;1;3;11;SM;;;;
0700;EP2307;1;5;7;12;15;SM;;;;
1500;MT4511;1;8;1;3;10;SM;;;;
1500;CE3419;1;8;1;3;11;SM;1;9;1;3
0100;CI2125;1;8;1;3;5;SM;;;;
0100;EC3192;1;8;1;3;8;SM;;;;
1900;EP1819;1;2;1;3;15;SM;;;;
1000;FS5482;1;8;1;3;11;SM;;;;
1000;FS5481;1;8;1;3;10;SM;;;;
1000;FS3481;1;1;9;12;4;SM;1;7;9;12
1000;FS3481;1;8;1;3;9;SM;;;;
1000;FS5321;1;8;1;3;10;SM;1;8;9;12
1000;FS4212;0;99;9;12;11;SM;1;7;9;12
1000;FS4212;1;8;1;3;10;SM;;;;
1000;FS4211;1;8;1;3;9;SM;;;;
1000;FS3213;0;99;9;12;10;SM;1;7;9;12
1000;FS3213;1;8;1;3;9;SM;;;;
1000;FS3212;1;8;1;3;8;SM;;;;
1000;FS5323;1;8;1;3;12;SM;;;;
1000;FS5322;1;8;1;3;11;SM;;;;
1000;FS5351;1;8;1;3;9;SM;;;;
1000;EP1310;1;8;1;3;13;SM;;;;
1000;EP2410;1;8;1;3;14;SM;1;12;1;3
0100;EC2286;1;8;4;7;6;SM;;;;
1000;EP3410;1;8;1;3;15;SM;1;12;1;3
1000;FS5221;1;8;1;3;12;SM;;;;
1000;EP1410;1;8;1;3;13;SM;1;12;1;3
0700;FS1136;1;8;4;7;5;SM;;;;
1100;FS1136;1;8;4;7;5;SM;;;;
0700;FS1163;1;8;4;7;5;SM;1;8;9;12
1100;FS1163;1;8;4;7;5;SM;1;8;9;12
1100;CO2122;1;8;4;7;7;SM;1;9;4;7
1500;MT3611;1;7;1;3;8;SM;;;;
0300;EP3420;1;8;1;5;13;SM;;;;
1100;PL2182;0;99;9;12;5;SM;1;7;9;12
1100;PL2182;1;8;1;3;5;SM;;;;
1700;PS5220;1;8;9;12;15;SM;;;;
1700;PS5130;0;99;9;12;14;SM;1;8;4;7
1700;PS5130;1;8;9;12;15;SM;;;;
1700;EC2175;0;99;9;12;8;SM;1;8;4;7
0400;QM2515;1;8;9;12;7;SM;;;;
0400;QM2424;1;8;9;12;7;SM;;;;
0400;BC3123;1;8;9;12;11;SM;1;16;9;12
1700;EC2111;1;8;9;12;6;SM;;;;
1700;EC2112;1;8;9;12;7;SM;;;;
1700;FS2181;1;8;9;12;4;SM;;;;
1700;PS2213;1;8;9;12;5;SM;;;;
1200;GC3312;1;8;9;12;9;SM;;;;
1200;GC3214;1;8;9;12;7;SM;;;;
0600;EP3306;1;8;4;7;14;SM;1;12;1;3
1000;FS5321;1;9;1;3;10;SM;;;;
0300;EP3203;1;9;1;3;13;SM;1;11;9;12
0300;EP2203;1;9;1;3;12;SM;1;11;9;12
1100;PL2115;1;9;1;3;7;SM;;;;
1500;EP1301;1;9;1;3;12;SM;1;10;4;7
1501;EP1301;1;9;1;3;12;SM;1;10;4;7
0700;MC3250;1;9;1;3;4;SM;1;14;1;3
0700;MC3252;1;9;1;3;5;SM;1;14;1;3
0700;MC3257;1;9;1;3;10;SM;1;9;9;12
0700;MC3253;1;9;1;3;6;SM;1;14;1;3
1502;EP1301;1;9;1;3;12;SM;1;10;4;7
1503;EP1301;1;9;1;3;12;SM;1;10;4;7
1504;EP1301;1;9;1;3;12;SM;1;10;4;7
1500;MT2511;1;9;4;7;6;SM;;;;
4100;CI2127;1;9;4;7;4;SM;;;;
4000;CI2127;1;9;4;7;4;SM;;;;
4300;ID1124;1;9;4;7;4;SM;;;;
4300;ID1125;1;9;4;7;5;SM;;;;
1500;CE3419;1;9;4;7;11;SM;;;;
1500;CO3212;1;9;4;7;10;SM;;;;
1501;CO3212;1;9;4;7;10;SM;;;;
1502;CO3212;1;9;4;7;10;SM;;;;
1503;CO3212;1;9;4;7;10;SM;;;;
1504;CO3212;1;9;4;7;10;SM;;;;
4300;CO3314;1;9;4;7;4;SM;;;;
1502;MC2584;1;9;4;7;14;SM;;;;
4200;CO3314;1;9;4;7;4;SM;;;;
1500;MT3612;1;9;4;7;9;SM;;;;
1100;PL2111;1;9;4;7;5;SM;1;9;4;7
1700;CI2125;1;9;4;7;6;SM;;;;
1100;PL3411;1;9;4;7;7;SM;1;9;4;7
1700;TF1121;1;9;4;7;11;SM;;;;
1100;CE2113;1;9;4;7;10;SM;1;9;9;12
1501;EP3301;1;9;4;7;14;SM;1;10;4;7
1502;EP3301;1;9;4;7;14;SM;1;10;4;7
1503;EP3301;1;9;4;7;14;SM;1;10;4;7
1504;EP3301;1;9;4;7;14;SM;1;10;4;7
4000;ET1420;1;9;4;7;9;SM;1;10;4;7
4100;ET1420;1;9;4;7;9;SM;1;10;4;7
4200;ET1420;1;9;4;7;9;SM;1;10;4;7
4300;ET1420;1;9;4;7;9;SM;1;10;4;7
4200;CE1411;1;9;9;12;4;SM;;;;
4200;CE1512;1;9;9;12;4;SM;;;;
4300;CE1512;1;9;9;12;4;SM;1;16;4;7
4300;CE1411;1;9;9;12;4;SM;;;;
4200;CE1412;1;9;9;12;5;SM;1;10;7;8
4200;CE1511;1;9;9;12;4;SM;;;;
4300;CE1511;1;9;9;12;4;SM;;;;
4200;CE1513;1;9;9;12;4;SM;;;;
4300;CE1513;1;9;9;12;4;SM;;;;
0700;DA1312;1;9;9;12;5;SM;;;;
0700;DA1313;1;9;9;12;6;SM;;;;
0502;CC3212;1;9;9;12;7;SM;;;;
4200;PS2140;1;9;9;12;4;SM;;;;
4200;PS2141;1;9;9;12;4;SM;;;;
0500;MA2134;1;9;9;12;4;SM;;;;
0501;MA2134;1;9;9;12;4;SM;;;;
0502;MA2134;1;9;9;12;4;SM;;;;
0500;MA2135;1;9;9;12;5;SM;;;;
0501;MA2135;1;9;9;12;5;SM;;;;
0502;MA2135;1;9;9;12;5;SM;;;;
0500;MA2136;1;9;9;12;6;SM;;;;
0501;MA2136;1;9;9;12;6;SM;;;;
0502;MA2136;1;9;9;12;6;SM;;;;
0501;MA2311;1;9;9;12;7;SM;1;12;1;3
0502;MA2311;1;9;9;12;7;SM;1;12;1;3
0500;MA2311;1;9;9;12;7;SM;1;12;1;3
0500;MA2312;1;9;9;12;8;SM;1;12;1;3
0501;MA2312;1;9;9;12;8;SM;1;12;1;3
0502;MA2312;1;9;9;12;8;SM;1;12;1;3
0500;MA2323;1;9;9;12;9;SM;1;10;1;3
0501;MA2323;1;9;9;12;9;SM;1;10;1;3
0502;MA2323;1;9;9;12;9;SM;1;10;1;3
0500;MA3321;1;9;9;12;10;SM;;;;
0501;MA3321;1;9;9;12;10;SM;;;;
0502;MA3321;1;9;9;12;10;SM;;;;
0500;MA3322;1;9;9;12;11;SM;;;;
0500;MA3323;1;9;9;12;12;SM;;;;
0500;MA3712;1;9;9;12;10;SM;;;;
0501;MA3712;1;9;9;12;10;SM;;;;
0700;DA2211;1;9;9;12;6;SM;;;;
4000;CT1571;1;9;9;12;4;SM;;;;
0501;CO3411;1;9;9;12;7;SM;;;;
0501;CO3511;1;9;9;12;7;SM;;;;
0700;DA1211;1;9;9;12;4;SM;;;;
1100;DA1211;1;9;9;12;4;SM;;;;
0700;DA1212;1;9;9;12;5;SM;;;;
1100;DA1212;1;9;9;12;5;SM;;;;
4100;EC1251;1;9;4;7;4;SM;;;;
4100;EC1167;1;9;9;12;4;SM;1;11;9;12
4100;CT1800;1;9;9;12;4;SM;;;;
4100;EC2286;1;9;9;12;5;SM;;;;
0700;MC3255;1;9;9;12;15;SM;1;14;1;3
1100;PL2187;1;9;9;12;10;SM;;;;
1100;CE3121;1;9;9;12;13;SM;;;;
1100;CO2121;1;9;9;12;7;SM;1;10;4;7
1100;CO2122;1;9;9;12;8;SM;1;10;4;7
1100;PL2111;1;9;9;12;8;SM;;;;
1100;PL2112;1;9;9;12;11;SM;;;;
1100;PL2113;1;9;9;12;12;SM;;;;
1100;PL2116;1;9;9;12;9;SM;;;;
1100;PL2181;1;9;9;12;4;SM;1;10;1;3
1100;PL2186;1;9;9;12;9;SM;;;;
1100;PL3182;1;9;9;12;13;SM;;;;
1100;PL3183;1;9;9;12;14;SM;;;;
1100;PL3311;1;9;9;12;7;SM;;;;
1100;PL3312;1;9;9;12;8;SM;;;;
1100;PL3411;1;9;9;12;9;SM;;;;
1100;PL3413;1;9;9;12;10;SM;;;;
1100;PS1111;1;9;9;12;9;SM;;;;
4100;CT1551;1;10;1;3;5;SM;1;10;9;12
4100;EC2012;1;10;1;3;5;SM;1;12;1;3
4100;EC2041;1;10;1;3;5;SM;1;11;9;12
4100;EC3713;1;10;1;3;5;SM;;;;
4100;PS2341;1;10;1;3;5;SM;1;11;9;12
0200;CE3114;1;9;9;12;12;SM;;;;
1100;EP2420;1;9;9;12;15;SM;;;;
4200;PS2160;1;10;1;3;5;SM;;;;
4200;CE1517;1;10;1;3;5;SM;1;11;1;3
4200;CE1518;1;10;1;3;5;SM;;;;
0500;MA3613;1;10;1;3;9;SM;;;;
0502;MA3613;1;10;1;3;9;SM;;;;
0502;MA3810;1;10;1;3;8;SM;;;;
4000;EC2014;1;10;1;3;5;SM;1;10;9;12
4300;PS1350;1;10;1;3;5;SM;;;;
0700;MC3257;1;10;1;3;10;SM;;;;
4300;CE1514;1;10;1;3;5;SM;;;;
4300;CE1515;1;10;1;3;5;SM;;;;
4300;CE1516;1;10;1;3;5;SM;;;;
4200;MC3691;1;10;1;3;8;SM;;;;
1100;CE2113;1;10;1;3;10;SM;;;;
4300;CE1521;1;10;9;12;7;SM;;;;
4300;PS2150;1;10;4;7;6;SM;;;;
4300;CE3122;1;10;1;3;5;SM;;;;
4200;PS2161;1;10;4;7;6;SM;;;;
4200;PS2142;1;10;4;7;6;SM;;;;
4200;PS2150;1;10;1;3;6;SM;;;;
4200;PS3160;1;10;4;7;7;SM;;;;
4200;PS3150;1;10;4;7;7;SM;;;;
0500;MA3713;1;10;4;7;9;SM;;;;
4000;CT1530;1;10;4;7;5;SM;1;11;7;8
4000;CT1531;1;10;4;7;7;SM;1;11;9;12
4000;CT1552;1;10;4;7;6;SM;1;12;1;3
4000;CT1811;1;10;4;7;7;SM;;;;
4000;CT1511;1;10;4;7;5;SM;1;12;1;3
4000;CT1832;1;10;4;7;8;SM;1;11;9;12
4000;CT1512;1;10;4;7;6;SM;;;;
0100;CT4381;1;10;4;7;10;SM;1;10;1;3
0100;CT4111;1;10;4;7;14;SM;1;11;9;12
0100;CT4381;1;10;1;3;10;SM;1;10;4;7
4300;TS2634;1;10;4;7;6;SM;;;;
1500;MT2513;1;10;4;7;9;SM;1;10;7;8
1500;TS2720;1;10;4;7;6;SM;;;;
1500;MA1114;1;10;4;7;4;SM;;;;
4300;CE1520;1;10;1;3;5;SM;;;;
0100;CT4212;1;10;4;7;11;SM;;;;
1100;CO2124;1;10;1;3;7;SM;;;;
1100;PL2181;1;10;4;7;4;SM;;;;
0500;TS4714;1;10;4;7;12;SM;;;;
0501;TS4714;1;10;4;7;12;SM;;;;
0502;TS4714;1;10;4;7;12;SM;;;;
4000;ET2420;1;10;4;7;9;SM;;;;
4100;ET2420;1;10;4;7;9;SM;;;;
4200;ET2420;1;10;4;7;9;SM;;;;
4300;ET2420;1;10;4;7;9;SM;;;;
4200;CC2112;1;10;9;12;6;SM;;;;
4300;CE3123;1;10;9;12;7;SM;;;;
0500;MA2321;1;10;9;12;7;SM;;;;
0501;MA2321;1;10;9;12;7;SM;;;;
0502;MA2321;1;10;9;12;7;SM;;;;
0500;MA2322;1;10;9;12;8;SM;;;;
0500;MA2323;1;10;4;7;9;SM;;;;
0501;MA2323;1;10;4;7;9;SM;;;;
0502;MA2323;1;10;4;7;9;SM;;;;
4200;PS3350;1;10;9;12;7;SM;;;;
0100;CT4412;1;10;4;7;11;SM;1;12;4;7
1100;CO2121;1;7;9;12;7;SM;1;10;4;7
0800;CI2612;1;10;9;12;6;SM;1;11;1;3
0800;CI2611;1;10;9;12;4;SM;1;13;1;3
0800;CI3641;1;10;9;12;9;SM;1;13;1;3
4000;CT1551;1;10;4;7;5;SM;1;10;9;12
0800;CO3211;1;10;4;7;10;SM;;;;
4200;CC2111;1;10;9;12;5;SM;;;;
1100;CO2121;1;10;9;12;6;SM;;;;
0800;CI2525;1;10;9;12;5;SM;1;11;7;8
0100;CT4381;1;10;9;12;10;SM;1;11;9;12
1900;CO2121;1;10;4;7;6;SM;;;;
4200;CI1114;1;10;9;12;4;SM;1;10;9;12
4100;CE3113;1;10;9;12;5;SM;;;;
4000;PS2342;1;10;9;12;6;SM;1;11;7;8
4200;CE1412;1;10;9;12;5;SM;;;;
0800;CI2526;1;10;9;12;5;SM;;;;
0800;CI2527;1;10;9;12;6;SM;1;11;7;8
0800;CI2612;1;11;1;3;6;SM;1;11;1;3
0200;CT3415;1;10;9;12;14;SM;;;;
4000;CT1841;1;10;9;12;8;SM;;;;
0200;CT3412;1;10;9;12;12;SM;;;;
4000;CT1881;1;10;9;12;6;SM;1;10;9;12
4200;PS3161;1;10;9;12;8;SM;;;;
0200;CT3413;1;10;4;7;15;SM;;;;
1500;MT2513;1;10;9;12;9;SM;1;10;9;12
3000;FC2704;1;10;4;7;6;SM;;;;
0800;CI3725;1;11;1;3;9;SM;;;;
4300;TS3535;1;11;1;3;8;SM;;;;
4300;TS3540;1;11;1;3;8;SM;;;;
4000;EC1167;1;11;1;3;4;SM;1;11;7;8
4000;EC1251;1;11;1;3;4;SM;;;;
4000;EC2272;1;11;1;3;4;SM;;;;
4000;EC3713;1;11;1;3;5;SM;1;12;1;3
4100;CT1531;1;11;1;3;7;SM;;;;
4100;CT1551;1;11;1;3;5;SM;1;12;1;3
4100;EC1281;1;11;1;3;4;SM;1;11;9;12
4100;EC2013;1;11;1;3;6;SM;;;;
4100;EC2042;1;11;1;3;6;SM;;;;
4100;EC2073;1;11;1;3;6;SM;1;11;9;12
4100;EC2072;1;11;1;3;6;SM;1;12;7;8
4100;EC2081;1;11;1;3;6;SM;1;12;1;3
4100;EC3043;1;11;1;3;7;SM;;;;
4100;EC3044;1;11;1;3;8;SM;;;;
4100;EC3045;1;11;1;3;8;SM;;;;
4100;EC3051;1;11;1;3;7;SM;1;11;9;12
4100;EC3074;1;11;1;3;7;SM;;;;
4100;EC3081;1;11;1;3;8;SM;;;;
4100;EC3083;1;11;1;3;7;SM;;;;
4100;PS2342;1;11;1;3;6;SM;1;11;9;12
4100;EC2272;1;9;1;3;4;SM;;;;
0100;EC2262;1;11;1;3;5;SM;;;;
4000;CT1551;1;11;1;3;5;SM;1;11;9;12
4000;CT1881;1;11;1;3;6;SM;1;11;9;12
4000;EC2014;1;11;1;3;5;SM;1;11;9;12
4000;EC1281;1;11;1;3;4;SM;1;11;7;8
0502;MA4641;1;11;1;3;9;SM;;;;
0502;MA4211;1;11;1;3;9;SM;;;;
1500;MT2513;1;11;1;3;9;SM;;;;
1200;GC3111;1;11;1;3;7;SM;;;;
1200;GC3212;1;11;1;3;9;SM;;;;
1200;GC3311;1;11;1;3;8;SM;;;;
1200;GC4133;1;11;1;3;12;SM;;;;
1200;GC4122;1;11;1;3;10;SM;;;;
1200;GC4312;1;11;1;3;11;SM;;;;
1200;GC4313;1;11;1;3;11;SM;;;;
1200;GC5221;1;11;1;3;14;SM;;;;
1200;GC3213;1;11;1;3;9;SM;;;;
4300;CE1513;1;11;4;7;4;SM;;;;
1000;EP5405;1;11;4;7;13;SM;;;;
1000;MA2134;1;9;9;12;4;SM;;;;
4300;CE1514;1;11;4;7;5;SM;;;;
4100;EC2072;1;11;4;7;6;SM;1;12;7;8
4000;PS2341;1;11;4;7;5;SM;1;11;7;8
0800;CI2527;1;11;9;12;6;SM;;;;
1900;EP5407;1;11;4;7;13;SM;;;;
0800;CI2613;1;11;9;12;9;SM;1;13;1;3
0501;MA2322;1;10;9;12;8;SM;;;;
0502;MA2322;1;10;9;12;8;SM;;;;
0800;CI2525;1;11;9;12;5;SM;;;;
4000;EC1281;1;11;9;12;4;SM;1;11;9;12
4000;EC2022;1;11;9;12;4;SM;1;12;9;12
4000;EC1021;1;11;9;12;3;SM;;;;
4100;EC1021;1;11;9;12;3;SM;;;;
4100;EC2022;1;11;9;12;4;SM;;;;
4000;EC1167;1;11;9;12;4;SM;;;;
4000;PS2342;1;11;9;12;6;SM;1;11;9;12
4000;PS2341;1;11;9;12;5;SM;;;;
4000;CT1530;1;11;9;12;5;SM;;;;
1200;CI2125;1;11;9;12;8;SM;;;;
0400;EP1104;1;12;1;3;10;SM;;;;
0400;EP5404;1;12;1;3;15;SM;;;;
0400;EP5196;1;12;1;3;14;SM;;;;
1200;EP2312;1;12;1;3;14;SM;1;12;9;12
1200;EP3312;1;12;1;3;15;SM;;;;
1900;EP1919;1;12;1;3;14;SM;;;;
1900;EP2019;1;12;1;3;15;SM;;;;
0300;EP2203;1;12;1;3;12;SM;;;;
0300;EP3203;1;12;1;3;13;SM;;;;
0100;CT4441;1;12;1;3;11;SM;;;;
0100;CT4381;1;12;1;3;10;SM;;;;
0100;CT4351;1;12;1;3;12;SM;;;;
0100;CT4111;1;12;1;3;14;SM;;;;
0400;QM2681;1;12;1;3;10;SM;1;15;7;8
4100;EC1167;1;12;1;3;4;SM;;;;
4000;CT1551;1;12;1;3;6;SM;;;;
1900;EP1719;1;12;1;3;13;SM;;;;
4100;EC1281;1;12;1;3;4;SM;1;11;9;12
4000;CT1531;1;12;1;3;7;SM;;;;
0100;CT5215;1;12;1;3;15;SM;;;;
0100;EC1251;1;12;1;3;4;SM;;;;
1800;CC2331;1;12;1;3;5;SM;1;14;7;8
1800;CE4267;1;12;1;3;15;SM;1;14;1;3
1800;CE4268;1;12;1;3;8;SM;1;16;1;3
1800;CE2562;1;12;1;3;10;SM;1;16;1;3
1800;CI2125;1;12;1;3;6;SM;;;;
1800;CI2126;1;12;1;3;7;SM;;;;
1800;CI3621;1;12;1;3;8;SM;;;;
1800;CI3825;1;12;1;3;9;SM;1;14;7;8
1800;CI4835;1;12;1;3;10;SM;;;;
1800;CI5832;1;12;1;3;11;SM;;;;
1800;CI5833;1;12;1;3;12;SM;;;;
1800;CI5841;1;12;1;3;14;SM;1;14;1;3
1800;CO3121;1;12;1;3;8;SM;1;14;7;8
1800;EC1113;1;12;1;3;6;SM;1;16;1;3
1800;EC1211;1;12;1;3;4;SM;1;13;4;7
1800;EC1282;1;12;1;3;5;SM;;;;
1800;EC1311;1;12;1;3;7;SM;1;14;7;8
1800;EC1421;1;12;1;3;9;SM;1;14;7;8
1800;EC1431;1;12;1;3;4;SM;1;14;1;3
1800;EC1723;1;12;1;3;7;SM;;;;
1800;EC2323;1;12;1;3;9;SM;;;;
1800;EC2422;1;12;1;3;4;SM;;;;
1800;EC2712;1;12;1;3;8;SM;;;;
1800;EC2783;1;12;1;3;9;SM;;;;
1800;EC3142;1;12;1;3;11;SM;1;16;1;3
1800;EC3412;1;12;1;3;11;SM;;;;
1800;EC3423;1;12;1;3;11;SM;;;;
1800;EC3443;1;12;1;3;12;SM;1;14;9;12
1800;EC3483;1;12;1;3;12;SM;;;;
1800;EC4451;1;12;1;3;12;SM;;;;
1800;EC4474;1;12;1;3;14;SM;1;14;7;8
1800;FS2211;1;12;1;3;4;SM;1;14;7;8
1800;FS2212;1;12;1;3;5;SM;1;14;7;8
4000;EC1081;1;12;1;3;4;SM;;;;
4000;EC1071;1;12;1;3;5;SM;;;;
4100;EC1071;1;12;1;3;5;SM;;;;
4100;EC1081;1;12;1;3;4;SM;;;;
4000;PS2342;1;12;1;3;6;SM;;;;
4000;EC2014;1;12;1;3;5;SM;;;;
0800;EP5855;1;12;1;3;13;SM;1;17;1;3
4000;CT1881;1;12;1;3;6;SM;;;;
0800;EP5408;1;12;1;3;13;SM;1;17;1;3
0800;EP5856;1;12;1;3;14;SM;1;17;1;3
1800;CO3321;1;12;1;3;10;SM;;;;
1800;CI5853;1;12;1;3;15;SM;;;;
4100;PS2342;1;12;1;3;6;SM;;;;
4100;PS2341;1;12;1;3;5;SM;;;;
4100;EC2073;1;12;1;3;6;SM;1;15;7;8
4100;EC2041;1;12;1;3;5;SM;;;;
4100;EC3051;1;12;1;3;7;SM;;;;
1200;EP2312;1;12;4;7;14;SM;;;;
4100;EC2072;1;12;9;12;6;SM;;;;
4000;CT1552;1;12;4;7;6;SM;;;;
4000;EC1281;1;12;1;3;4;SM;;;;
4000;CT1511;1;12;4;7;5;SM;;;;
1000;MA2135;1;12;4;7;5;SM;;;;
1000;MA2136;1;12;4;7;6;SM;;;;
1000;MA3321;1;12;4;7;10;SM;;;;
4100;EC2012;1;12;4;7;5;SM;;;;
4100;EC2081;1;12;4;7;6;SM;;;;
4100;CT1551;1;8;9;12;5;SM;1;11;9;12
4000;EC3713;1;12;4;7;5;SM;;;;
4000;CT1561;1;12;4;7;8;SM;;;;
4000;CT1523;1;12;4;7;7;SM;;;;
4000;CT1832;1;12;1;3;8;SM;;;;
4000;CT1522;1;12;4;7;8;SM;;;;
4000;CT1521;1;12;4;7;7;SM;;;;
4000;CT1524;1;12;4;7;7;SM;;;;
1800;MA2115;1;12;9;12;4;SM;;;;
0800;CI2612;1;11;4;7;6;SM;1;13;1;3
0400;QM2682;1;12;9;12;12;SM;;;;
0400;QM2581;1;12;4;7;10;SM;;;;
0400;QM2382;1;12;9;12;9;SM;;;;
0400;QM2282;1;12;4;7;11;SM;;;;
4300;CE1526;1;12;9;12;8;SM;1;16;4;7
4300;CE1527;1;12;9;12;8;SM;1;16;4;7
4000;EC2022;1;13;1;3;4;SM;;;;
1800;MA2112;1;11;9;12;5;SM;;;;
4300;CE1528;1;13;1;3;6;SM;1;13;1;3
1500;MC2510;1;13;1;3;10;SM;1;13;1;3
0501;EP1505;1;13;1;5;15;SM;;;;
1500;MC2510;1;13;4;7;10;SM;;;;
1000;FS2212;1;12;9;12;5;SM;;;;
0800;PS1115;1;13;4;7;10;SM;;;;
0800;CI2611;1;13;4;7;4;SM;;;;
0500;CI2611;1;13;4;7;4;SM;;;;
0500;CI2691;1;13;4;7;5;SM;;;;
0800;CI2691;1;13;4;7;5;SM;;;;
0500;CI2612;1;13;4;7;6;SM;;;;
0800;CI2612;1;13;4;7;6;SM;;;;
0800;CI2692;1;13;4;7;6;SM;;;;
0500;CI2692;1;13;4;7;6;SM;;;;
0800;CI2613;1;13;9;12;9;SM;;;;
0800;CI2693;1;13;9;12;8;SM;;;;
0800;CI3311;1;13;4;7;11;SM;;;;
0800;CI3391;1;13;4;7;11;SM;;;;
0800;CI3641;1;13;9;12;9;SM;;;;
0800;CI3661;1;13;9;12;9;SM;;;;
4100;CT1551;1;12;1;3;5;SM;;;;
1800;MA2113;1;13;1;3;6;SM;;;;
1800;MA3111;1;13;9;12;7;SM;;;;
4300;CE1528;1;13;4;7;6;SM;;;;
0800;CI4822;1;13;9;12;10;SM;;;;
1800;EC1211;1;13;9;12;4;SM;;;;
0100;CO3121;1;13;9;12;10;SM;;;;
0700;DA2521;1;14;9;12;4;SM;;;;
0700;DA2522;1;14;9;12;5;SM;;;;
0700;DA2523;1;14;9;12;6;SM;;;;
0800;CI5326;1;14;9;12;10;SM;;;;
0700;DA3521;1;14;9;12;15;SM;;;;
0700;DA1311;1;14;9;12;4;SM;;;;
1800;EC1431;1;14;9;12;4;SM;;;;
1800;EC2322;1;14;9;12;8;SM;;;;
1500;MT2581;1;14;1;3;7;SM;1;14;1;3
1500;MT2582;1;14;9;12;8;SM;;;;
1500;MT2583;1;14;9;12;11;SM;;;;
1500;MT3614;1;14;1;3;10;SM;;;;
1500;MT4831;1;14;1;3;10;SM;;;;
0300;TF1121;1;14;9;12;7;SM;;;;
1500;MT2581;1;14;9;12;7;SM;;;;
1800;CI3825;1;14;9;12;9;SM;;;;
1800;EC4474;1;14;9;12;14;SM;;;;
1800;EC1421;1;14;9;12;9;SM;;;;
1800;EC1311;1;14;9;12;7;SM;1;15;1;3
1800;CC2331;1;14;9;12;5;SM;1;16;1;3
1800;FS2211;1;14;9;12;4;SM;;;;
1800;FS2212;1;14;9;12;5;SM;;;;
1800;CO3121;1;14;9;12;8;SM;;;;
1800;CI5841;1;14;9;12;14;SM;;;;
1800;CE4267;1;14;9;12;15;SM;;;;
0500;EP1209;1;15;1;3;13;SM;;;;
0500;EP1509;1;15;1;3;13;SM;;;;
0500;EP1309;1;15;1;3;14;SM;;;;
0500;EP1409;1;15;1;3;15;SM;;;;
0500;EP3420;1;15;1;3;13;SM;;;;
1800;EC1311;1;15;4;7;7;SM;;;;
4300;MC3691;1;15;1;3;8;SM;;;;
1800;EC3443;1;16;1;3;12;SM;;;;
4100;EC2073;1;16;1;3;6;SM;;;;
0200;MC3127;1;16;1;3;11;SM;;;;
0400;QM2681;1;16;1;3;10;SM;;;;
1800;EC1113;1;16;4;7;6;SM;;;;
1800;CC2331;1;16;4;7;11;SM;;;;
1800;CE2562;1;16;4;7;10;SM;;;;
1800;EC3142;1;16;4;7;11;SM;;;;
1800;CE4268;1;16;4;7;14;SM;;;;
1800;EC1251;1;16;4;7;4;SM;;;;
1800;EC2287;1;13;4;7;5;SM;;;;
1800;EC2178;1;16;4;7;8;SM;;;;
1500;MT2115;1;16;4;7;7;SM;;;;
1500;TF1121;1;16;4;7;7;SM;;;;
4300;CE1526;1;16;9;12;8;SM;;;;
4300;CE1527;1;16;9;12;8;SM;;;;
4300;CE1512;1;16;9;12;4;SM;;;;
0501;CO3322;1;2;1;3;8;SM;;;;
0800;EP3308;1;17;4;7;15;SM;;;;
0800;EP5856;1;17;4;7;14;SM;;;;
0800;EP5855;1;17;4;7;13;SM;;;;
0800;EP2308;1;17;4;7;14;SM;;;;
0800;EP1308;1;17;4;7;13;SM;;;;
0800;CI3815;1;17;4;7;6;SM;;;;
0800;EP5408;1;17;4;7;13;SM;;;;
